task.i,learner.i,resampling.i,iteration,start.time,end.time,process,classif.auc,classif.acc,classif.logloss,ROC_AUM,task_id,learner_id,resampling_id,test.subset,train.subsets,groups,test.fold,seed,n.train.groups
5,1,1,2,2025-07-31T03:02:47.348286Z,2025-07-31T14:28:33.098367Z,2,0.961554724030819,0.0101785416319039,0.739505977647672,2.27977557187842e-06,MNIST_seed1_prop0.01,conv_AUM_0.01,same_other_sizes_cv,unbalanced,other,23721,1,1,23721
5,1,1,4,2025-07-31T03:02:47.348373Z,2025-07-31T14:11:28.700488Z,4,0.987531613555893,0.989984977466199,0.653515788572403,3.83525912184268e-05,MNIST_seed1_prop0.01,conv_AUM_0.01,same_other_sizes_cv,unbalanced,other,23721,2,1,23721
5,1,1,6,2025-07-31T03:02:47.348438Z,2025-07-31T13:33:01.757846Z,137,0.96971851877705,0.00968927497494153,0.721115053422308,0.000125642662169412,MNIST_seed1_prop0.01,conv_AUM_0.01,same_other_sizes_cv,unbalanced,other,23721,3,1,23721
5,1,1,7,2025-07-31T03:02:47.348413Z,2025-07-31T15:09:54.132617Z,135,0.985993228948083,0.5,0.688843709498636,7.67366946092807e-05,MNIST_seed1_prop0.01,conv_AUM_0.01,same_other_sizes_cv,balanced,same,23721,1,1,23721
5,1,1,9,2025-07-31T03:02:47.349084Z,2025-07-31T14:54:56.742203Z,20,0.992073260552426,0.914671163575042,0.686220716989134,7.21245087333955e-05,MNIST_seed1_prop0.01,conv_AUM_0.01,same_other_sizes_cv,balanced,same,23721,2,1,23721
5,1,1,11,2025-07-31T03:02:47.348875Z,2025-07-31T17:38:32.876987Z,10,0.987651509296166,0.5,0.689846491306494,6.67665954097174e-05,MNIST_seed1_prop0.01,conv_AUM_0.01,same_other_sizes_cv,balanced,same,23721,3,1,23721
5,2,1,2,2025-07-31T03:02:47.349244Z,2025-07-31T04:38:25.133982Z,17,0.932125565148185,0.980977807442016,0.683741315967252,0.00027455814415589,MNIST_seed1_prop0.01,linear_AUM_0.01,same_other_sizes_cv,unbalanced,other,23721,1,1,23721
5,2,1,4,2025-07-31T03:02:47.349242Z,2025-07-31T04:37:19.980811Z,15,0.871946833024223,0.771657486229344,0.687331506232171,0.000836219463963062,MNIST_seed1_prop0.01,linear_AUM_0.01,same_other_sizes_cv,unbalanced,other,23721,2,1,23721
5,2,1,6,2025-07-31T03:02:47.348933Z,2025-07-31T04:10:40.527536Z,126,0.901097654613985,0.691613765452723,0.689971040823372,0.000466021418105811,MNIST_seed1_prop0.01,linear_AUM_0.01,same_other_sizes_cv,unbalanced,other,23721,3,1,23721
5,2,1,7,2025-07-31T03:02:47.349282Z,2025-07-31T04:38:44.714867Z,19,0.93467265159331,0.631153068105192,0.68828784042071,0.000284898065729067,MNIST_seed1_prop0.01,linear_AUM_0.01,same_other_sizes_cv,balanced,same,23721,1,1,23721
5,2,1,9,2025-07-31T03:02:47.349078Z,2025-07-31T04:27:58.570216Z,133,0.916710455596347,0.798988195615514,0.687877274959337,0.000372947630239651,MNIST_seed1_prop0.01,linear_AUM_0.01,same_other_sizes_cv,balanced,same,23721,2,1,23721
5,2,1,11,2025-07-31T03:02:47.349078Z,2025-07-31T04:21:29.347324Z,127,0.935170985633931,0.622533310844999,0.687333813100923,0.000358623947249725,MNIST_seed1_prop0.01,linear_AUM_0.01,same_other_sizes_cv,balanced,same,23721,3,1,23721
5,3,1,2,2025-07-31T03:02:47.349078Z,2025-07-31T09:54:58.192695Z,130,0.977446580369875,0.0101785416319039,0.755032553537051,3.26654139826132e-06,MNIST_seed1_prop0.01,conv_AUM_0.1,same_other_sizes_cv,unbalanced,other,23721,1,1,23721
5,3,1,4,2025-07-31T03:02:47.349554Z,2025-07-31T21:06:48.028421Z,185,0.968316191760808,0.990151894508429,0.692018497003875,1.06305458302813e-06,MNIST_seed1_prop0.01,conv_AUM_0.1,same_other_sizes_cv,unbalanced,other,23721,2,1,23721
5,3,1,6,2025-07-31T03:02:47.349550Z,2025-07-31T12:41:09.248946Z,182,0.979028514588859,0.00968927497494153,0.734635384751191,6.82833779137582e-05,MNIST_seed1_prop0.01,conv_AUM_0.1,same_other_sizes_cv,unbalanced,other,23721,3,1,23721
5,3,1,7,2025-07-31T03:02:47.349330Z,2025-07-31T17:20:30.446802Z,192,0.974982767157931,0.5,0.694009105550663,3.28776081914839e-06,MNIST_seed1_prop0.01,conv_AUM_0.1,same_other_sizes_cv,balanced,same,23721,1,1,23721
5,3,1,9,2025-08-01T01:11:06.288409Z,2025-08-01T08:37:10.412158Z,2,0.992399878856473,0.5,0.690999604599922,3.05390858557075e-05,MNIST_seed1_prop0.01,conv_AUM_0.1,same_other_sizes_cv,balanced,same,23721,2,1,23721
5,3,1,11,2025-08-01T01:11:06.288425Z,2025-08-01T13:42:15.752091Z,65,0.985831282704674,0.5,0.693069578682971,2.11027963814558e-06,MNIST_seed1_prop0.01,conv_AUM_0.1,same_other_sizes_cv,balanced,same,23721,3,1,23721
5,4,1,2,2025-07-31T03:02:47.349971Z,2025-07-31T04:58:38.308085Z,43,0.890687352840389,0.393792758217921,0.712929423800173,0.00637000892311335,MNIST_seed1_prop0.01,linear_AUM_0.1,same_other_sizes_cv,unbalanced,other,23721,1,1,23721
5,4,1,4,2025-07-31T03:02:47.350030Z,2025-07-31T05:44:35.188647Z,37,0.892196369358734,0.364713737272576,0.722333133898928,0.00703144166618586,MNIST_seed1_prop0.01,linear_AUM_0.1,same_other_sizes_cv,unbalanced,other,23721,2,1,23721
5,4,1,6,2025-07-31T03:02:47.349834Z,2025-07-31T03:50:16.764871Z,11,0.928544836893291,0.780654861343134,0.668188774930882,0.00319869327358902,MNIST_seed1_prop0.01,linear_AUM_0.1,same_other_sizes_cv,unbalanced,other,23721,3,1,23721
5,4,1,7,2025-07-31T03:02:47.350038Z,2025-07-31T03:50:22.881598Z,3,0.893811676182621,0.715863115306811,0.652986652712655,0.00518776383250952,MNIST_seed1_prop0.01,linear_AUM_0.1,same_other_sizes_cv,balanced,same,23721,1,1,23721
5,4,1,9,2025-07-31T03:02:47.350164Z,2025-07-31T04:07:28.280606Z,183,0.921007680954588,0.75885328836425,0.644355147665205,0.00437606358900666,MNIST_seed1_prop0.01,linear_AUM_0.1,same_other_sizes_cv,balanced,same,23721,2,1,23721
5,4,1,11,2025-07-31T03:02:47.350754Z,2025-07-31T04:14:33.478490Z,99,0.910513630954432,0.781413391803002,0.64988485536912,0.00433120643720031,MNIST_seed1_prop0.01,linear_AUM_0.1,same_other_sizes_cv,balanced,same,23721,3,1,23721
5,5,1,2,2025-07-31T03:02:47.350754Z,2025-07-31T16:35:17.739360Z,107,0.97438040967025,0.989821458368096,0.637432699812296,1.17920012598916e-06,MNIST_seed1_prop0.01,conv_AUM_1,same_other_sizes_cv,unbalanced,other,23721,1,1,23721
5,5,1,4,2025-07-31T03:02:47.350754Z,2025-07-31T12:18:17.621826Z,103,0.984127184847974,0.0100150225338007,0.741357341225589,2.86962040263461e-06,MNIST_seed1_prop0.01,conv_AUM_1,same_other_sizes_cv,unbalanced,other,23721,2,1,23721
5,5,1,6,2025-07-31T03:02:47.350934Z,2025-07-31T16:18:12.935883Z,113,0.98596665735958,0.990310725025059,0.629905982361167,2.15995896724053e-06,MNIST_seed1_prop0.01,conv_AUM_1,same_other_sizes_cv,unbalanced,other,23721,3,1,23721
5,5,1,7,2025-07-31T03:02:47.350033Z,2025-07-31T17:51:36.078188Z,193,0.986361828186291,0.5,0.693251670012518,1.88654939847766e-06,MNIST_seed1_prop0.01,conv_AUM_1,same_other_sizes_cv,balanced,same,23721,1,1,23721
5,5,1,9,2025-07-31T03:02:47.350512Z,2025-07-31T15:23:58.774361Z,184,0.947979661537499,0.5,0.693590684321929,9.23301013244782e-06,MNIST_seed1_prop0.01,conv_AUM_1,same_other_sizes_cv,balanced,same,23721,2,1,23721
5,5,1,11,2025-07-31T03:02:47.351289Z,2025-07-31T16:35:42.065471Z,66,0.991385766596978,0.5,0.693808993231665,1.35107211463037e-06,MNIST_seed1_prop0.01,conv_AUM_1,same_other_sizes_cv,balanced,same,23721,3,1,23721
5,6,1,2,2025-07-31T03:02:47.351283Z,2025-07-31T04:18:03.439336Z,78,0.941528580745719,0.786584348406474,0.512030521723643,0.0236781090497971,MNIST_seed1_prop0.01,linear_AUM_1,same_other_sizes_cv,unbalanced,other,23721,1,1,23721
5,6,1,4,2025-07-31T03:02:47.351320Z,2025-07-31T04:17:12.358305Z,80,0.957224751306694,0.686863628776498,0.62107092341361,0.0191727336496115,MNIST_seed1_prop0.01,linear_AUM_1,same_other_sizes_cv,unbalanced,other,23721,2,1,23721
5,6,1,6,2025-07-31T03:02:47.350669Z,2025-07-31T04:33:05.846232Z,186,0.946440620782729,0.777480788506515,0.512977658471839,0.0219650380313396,MNIST_seed1_prop0.01,linear_AUM_1,same_other_sizes_cv,unbalanced,other,23721,3,1,23721
5,6,1,7,2025-07-31T03:02:47.350904Z,2025-07-31T03:54:52.336443Z,22,0.940267314800374,0.852326365475388,0.42844253903576,0.0235848687589169,MNIST_seed1_prop0.01,linear_AUM_1,same_other_sizes_cv,balanced,same,23721,1,1,23721
5,6,1,9,2025-07-31T03:02:47.350864Z,2025-07-31T03:40:56.136534Z,7,0.865997372379845,0.768887015177066,0.488317634563512,0.0499342642724514,MNIST_seed1_prop0.01,linear_AUM_1,same_other_sizes_cv,balanced,same,23721,2,1,23721
5,6,1,11,2025-07-31T03:02:47.351568Z,2025-07-31T04:18:02.487989Z,69,0.922085617002523,0.786051610726935,0.47320669022017,0.0287509895861149,MNIST_seed1_prop0.01,linear_AUM_1,same_other_sizes_cv,balanced,same,23721,3,1,23721
5,7,1,2,2025-07-31T03:02:47.350905Z,2025-07-31T22:59:45.967833Z,180,0.996299592098426,0.981144668780244,0.0591547580523464,0.0136697385460138,MNIST_seed1_prop0.01,conv_logistic_0.01,same_other_sizes_cv,unbalanced,other,23721,1,1,23721
5,7,1,4,2025-08-01T01:11:06.288519Z,2025-08-01T12:58:09.658727Z,1,0.998052604957009,0.976297780003338,0.0679809906989105,0.0116558084264398,MNIST_seed1_prop0.01,conv_logistic_0.01,same_other_sizes_cv,unbalanced,other,23721,2,1,23721
5,7,1,6,2025-07-31T03:02:47.351661Z,2025-07-31T18:48:10.434969Z,95,0.993964935548422,0.978115603073839,0.0661485479208847,0.0166051480919123,MNIST_seed1_prop0.01,conv_logistic_0.01,same_other_sizes_cv,unbalanced,other,23721,3,1,23721
5,7,1,7,2025-07-31T03:02:47.350898Z,2025-07-31T21:36:26.201690Z,194,0.996828151052454,0.976314902225219,0.0676998337985057,0.0121963052079082,MNIST_seed1_prop0.01,conv_logistic_0.01,same_other_sizes_cv,balanced,same,23721,1,1,23721
5,7,1,9,2025-07-31T03:02:47.351266Z,2025-07-31T15:27:54.648121Z,24,0.997444696273841,0.980775716694772,0.0600072561059596,0.0094457995146513,MNIST_seed1_prop0.01,conv_logistic_0.01,same_other_sizes_cv,balanced,same,23721,2,1,23721
5,7,1,11,2025-08-01T01:11:06.288426Z,2025-08-01T13:54:33.635960Z,67,0.996941260359239,0.976893236633496,0.0657489558807463,0.0115798218175769,MNIST_seed1_prop0.01,conv_logistic_0.01,same_other_sizes_cv,balanced,same,23721,3,1,23721
5,8,1,2,2025-07-31T03:02:47.352085Z,2025-07-31T06:16:21.148555Z,79,0.951820081138149,0.887535458034373,0.290984390003715,0.0448618121445179,MNIST_seed1_prop0.01,linear_logistic_0.01,same_other_sizes_cv,unbalanced,other,23721,1,1,23721
5,8,1,4,2025-07-31T03:02:47.351985Z,2025-07-31T04:32:09.433275Z,91,0.960936885291972,0.888332498748122,0.294271244524755,0.0389135964214802,MNIST_seed1_prop0.01,linear_logistic_0.01,same_other_sizes_cv,unbalanced,other,23721,2,1,23721
5,8,1,6,2025-07-31T03:02:47.351227Z,2025-07-31T04:22:10.809790Z,129,0.934792219274978,0.879552288673572,0.306671332390089,0.0548993945121765,MNIST_seed1_prop0.01,linear_logistic_0.01,same_other_sizes_cv,unbalanced,other,23721,3,1,23721
5,8,1,7,2025-07-31T03:02:47.351369Z,2025-07-31T04:19:26.700546Z,168,0.948513815146622,0.879551584625759,0.292112432556165,0.0520517751574516,MNIST_seed1_prop0.01,linear_logistic_0.01,same_other_sizes_cv,balanced,same,23721,1,1,23721
5,8,1,9,2025-07-31T03:02:47.351642Z,2025-07-31T04:34:49.072456Z,21,0.95286825783665,0.884569983136594,0.280994221868949,0.047835536301136,MNIST_seed1_prop0.01,linear_logistic_0.01,same_other_sizes_cv,balanced,same,23721,2,1,23721
5,8,1,11,2025-07-31T03:02:47.351876Z,2025-07-31T04:26:00.454222Z,18,0.952385740966194,0.88682745825603,0.283023310529334,0.0481828413903713,MNIST_seed1_prop0.01,linear_logistic_0.01,same_other_sizes_cv,balanced,same,23721,3,1,23721
5,9,1,2,2025-07-31T03:02:47.351366Z,2025-07-31T20:02:35.350836Z,199,0.999328454727346,0.990488903721008,0.0336964893695668,0.00518829701468349,MNIST_seed1_prop0.01,conv_logistic_0.1,same_other_sizes_cv,unbalanced,other,23721,1,1,23721
5,9,1,4,2025-07-31T03:02:47.352386Z,2025-07-31T14:38:49.025971Z,92,0.999457651885571,0.988482724086129,0.0375120479537592,0.00532165821641684,MNIST_seed1_prop0.01,conv_logistic_0.1,same_other_sizes_cv,unbalanced,other,23721,2,1,23721
5,9,1,6,2025-08-01T01:11:06.288726Z,2025-08-01T14:36:49.122428Z,53,0.997370747824468,0.988640160374206,0.0403196763074884,0.0126952435821295,MNIST_seed1_prop0.01,conv_logistic_0.1,same_other_sizes_cv,unbalanced,other,23721,3,1,23721
5,9,1,7,2025-08-01T01:11:06.288713Z,2025-08-01T14:36:16.993441Z,56,0.999211819137912,0.986345246122724,0.0406024907419921,0.00878708437085152,MNIST_seed1_prop0.01,conv_logistic_0.1,same_other_sizes_cv,balanced,same,23721,1,1,23721
5,9,1,9,2025-08-01T01:11:06.288928Z,2025-08-01T12:36:28.231780Z,87,0.999363825860446,0.99114671163575,0.0319084757094431,0.00549008743837476,MNIST_seed1_prop0.01,conv_logistic_0.1,same_other_sizes_cv,balanced,same,23721,2,1,23721
5,9,1,11,2025-07-31T03:02:47.352734Z,2025-07-31T22:56:20.561543Z,83,0.998826516886547,0.986506999494013,0.0393965119297528,0.00775004783645272,MNIST_seed1_prop0.01,conv_logistic_0.1,same_other_sizes_cv,balanced,same,23721,3,1,23721
5,10,1,2,2025-07-31T03:02:47.351806Z,2025-07-31T04:19:49.117472Z,170,0.955340857588185,0.902719839813115,0.257753477378881,0.0488693863153458,MNIST_seed1_prop0.01,linear_logistic_0.1,same_other_sizes_cv,unbalanced,other,23721,1,1,23721
5,10,1,4,2025-07-31T03:02:47.352151Z,2025-07-31T04:34:55.606514Z,189,0.967324228629233,0.899682857619763,0.265500988540697,0.0368656180799007,MNIST_seed1_prop0.01,linear_logistic_0.1,same_other_sizes_cv,unbalanced,other,23721,2,1,23721
5,10,1,6,2025-07-31T03:02:47.352933Z,2025-07-31T05:02:02.982848Z,63,0.943206407929642,0.894086201135984,0.275429533712956,0.0550397261977196,MNIST_seed1_prop0.01,linear_logistic_0.1,same_other_sizes_cv,unbalanced,other,23721,3,1,23721
5,10,1,7,2025-07-31T03:02:47.352866Z,2025-07-31T04:24:08.342337Z,100,0.955154753990949,0.891099123398517,0.272184531193901,0.0510494895279408,MNIST_seed1_prop0.01,linear_logistic_0.1,same_other_sizes_cv,balanced,same,23721,1,1,23721
5,10,1,9,2025-07-31T03:02:47.352866Z,2025-07-31T04:23:48.429536Z,96,0.959196315075544,0.897470489038786,0.259647895484421,0.047003485262394,MNIST_seed1_prop0.01,linear_logistic_0.1,same_other_sizes_cv,balanced,same,23721,2,1,23721
5,10,1,11,2025-07-31T03:02:47.352892Z,2025-07-31T05:17:28.382049Z,115,0.95911123307938,0.899645808736718,0.260197736771885,0.0465252734720707,MNIST_seed1_prop0.01,linear_logistic_0.1,same_other_sizes_cv,balanced,same,23721,3,1,23721
5,11,1,2,2025-07-31T03:02:47.352084Z,2025-07-31T18:28:04.387505Z,196,0.5,0.0101785416319039,0.693147180559945,0,MNIST_seed1_prop0.01,conv_logistic_1,same_other_sizes_cv,unbalanced,other,23721,1,1,23721
5,11,1,4,2025-08-01T01:11:06.288929Z,2025-08-01T05:33:56.618488Z,110,0.747198336424435,0.71507260891337,0.681432855148957,0.00277618039399385,MNIST_seed1_prop0.01,conv_logistic_1,same_other_sizes_cv,unbalanced,other,23721,2,1,23721
5,11,1,6,2025-07-31T03:02:47.353058Z,2025-07-31T12:03:59.717887Z,142,0.499831309041838,0.989809555629803,0.693147087283205,2.12256079379358e-08,MNIST_seed1_prop0.01,conv_logistic_1,same_other_sizes_cv,unbalanced,other,23721,3,1,23721
5,11,1,7,2025-07-31T03:02:47.353326Z,2025-07-31T20:12:03.214760Z,86,0.995864771523888,0.964430209035738,0.102395099997241,0.0150088481605053,MNIST_seed1_prop0.01,conv_logistic_1,same_other_sizes_cv,balanced,same,23721,1,1,23721
5,11,1,9,2025-07-31T03:02:47.352981Z,2025-07-31T22:20:26.562938Z,45,0.5,0.5,0.693147180559945,0,MNIST_seed1_prop0.01,conv_logistic_1,same_other_sizes_cv,balanced,same,23721,2,1,23721
5,11,1,11,2025-07-31T03:02:47.352982Z,2025-07-31T18:00:03.567269Z,47,0.836867299759358,0.66469893742621,0.691238999522446,0.000420636701164767,MNIST_seed1_prop0.01,conv_logistic_1,same_other_sizes_cv,balanced,same,23721,3,1,23721
5,12,1,2,2025-07-31T03:02:47.352505Z,2025-07-31T04:10:46.656082Z,191,0.950341576113991,0.842482896712832,0.442918436259853,0.0605027973651886,MNIST_seed1_prop0.01,linear_logistic_1,same_other_sizes_cv,unbalanced,other,23721,1,1,23721
5,12,1,4,2025-07-31T03:02:47.353041Z,2025-07-31T04:45:58.878034Z,55,0.967807564772663,0.924386579869805,0.218305536649827,0.0487684831023216,MNIST_seed1_prop0.01,linear_logistic_1,same_other_sizes_cv,unbalanced,other,23721,2,1,23721
5,12,1,6,2025-07-31T03:02:47.353426Z,2025-07-31T03:51:22.559754Z,104,0.944186560565868,0.851319746074173,0.441660773617132,0.0658790767192841,MNIST_seed1_prop0.01,linear_logistic_1,same_other_sizes_cv,unbalanced,other,23721,3,1,23721
5,12,1,7,2025-07-31T03:02:47.353701Z,2025-07-31T04:59:05.446538Z,85,0.955152452110659,0.891773432231962,0.303872616101368,0.0613390579819679,MNIST_seed1_prop0.01,linear_logistic_1,same_other_sizes_cv,balanced,same,23721,1,1,23721
5,12,1,9,2025-07-31T03:02:47.353338Z,2025-07-31T03:51:31.819166Z,125,0.958829400908292,0.895531197301855,0.289027596903724,0.0565680265426636,MNIST_seed1_prop0.01,linear_logistic_1,same_other_sizes_cv,balanced,same,23721,2,1,23721
5,12,1,11,2025-07-31T03:02:47.353275Z,2025-07-31T04:45:51.971490Z,48,0.958078022325295,0.871900826446281,0.335105401712398,0.0471393167972565,MNIST_seed1_prop0.01,linear_logistic_1,same_other_sizes_cv,balanced,same,23721,3,1,23721
6,1,1,2,2025-08-01T01:11:06.289028Z,2025-08-01T12:39:50.708031Z,106,0.987823751146875,0.989821458368096,0.647193495344434,4.75890665256884e-05,MNIST_seed2_prop0.01,conv_AUM_0.01,same_other_sizes_cv,unbalanced,other,23721,1,1,23721
6,1,1,4,2025-07-31T03:02:47.352988Z,2025-07-31T16:06:20.682018Z,172,0.994045411116728,0.0100150225338007,0.755555944438764,7.54336651880294e-05,MNIST_seed2_prop0.01,conv_AUM_0.01,same_other_sizes_cv,unbalanced,other,23721,2,1,23721
6,1,1,6,2025-07-31T03:02:47.353479Z,2025-07-31T14:16:28.042310Z,13,0.983623888966451,0.990310725025059,0.633665621076786,9.43587074289098e-05,MNIST_seed2_prop0.01,conv_AUM_0.01,same_other_sizes_cv,unbalanced,other,23721,3,1,23721
6,1,1,7,2025-07-31T03:02:47.354114Z,2025-07-31T22:53:44.105341Z,82,0.990620377767542,0.5,0.686188739715087,9.05171982594766e-05,MNIST_seed2_prop0.01,conv_AUM_0.01,same_other_sizes_cv,balanced,same,23721,1,1,23721
6,1,1,9,2025-08-01T01:11:06.289015Z,2025-08-01T20:05:25.345853Z,71,0.984532076018985,0.5,0.691877317344133,5.03841147292405e-05,MNIST_seed2_prop0.01,conv_AUM_0.01,same_other_sizes_cv,balanced,same,23721,2,1,23721
6,1,1,11,2025-08-01T01:11:06.289303Z,2025-08-01T12:52:46.516623Z,122,0.989882212466341,0.5,0.689043209851544,7.20000753062777e-05,MNIST_seed2_prop0.01,conv_AUM_0.01,same_other_sizes_cv,balanced,same,23721,3,1,23721
6,2,1,2,2025-07-31T03:02:47.353456Z,2025-07-31T04:32:38.786750Z,8,0.915664415285809,0.0283664274987485,0.705625897135343,0.000300799409160391,MNIST_seed2_prop0.01,linear_AUM_0.01,same_other_sizes_cv,unbalanced,other,23721,1,1,23721
6,2,1,4,2025-07-31T03:02:47.353748Z,2025-07-31T06:14:11.445472Z,32,0.942473163603662,0.0781171757636455,0.701361372204295,0.000186155710252933,MNIST_seed2_prop0.01,linear_AUM_0.01,same_other_sizes_cv,unbalanced,other,23721,2,1,23721
6,2,1,6,2025-07-31T03:02:47.354272Z,2025-07-31T05:46:26.732716Z,122,0.955385604262645,0.0938857333778817,0.7006470327741,0.000200679365661927,MNIST_seed2_prop0.01,linear_AUM_0.01,same_other_sizes_cv,unbalanced,other,23721,3,1,23721
6,2,1,7,2025-07-31T03:02:47.354272Z,2025-07-31T05:52:11.073818Z,120,0.944328385787407,0.56844234659474,0.687914546853376,0.000276065547950566,MNIST_seed2_prop0.01,linear_AUM_0.01,same_other_sizes_cv,balanced,same,23721,1,1,23721
6,2,1,9,2025-07-31T03:02:47.354277Z,2025-07-31T06:01:22.352627Z,119,0.947552474200126,0.873777403035413,0.688382037475668,0.000234378851018846,MNIST_seed2_prop0.01,linear_AUM_0.01,same_other_sizes_cv,balanced,same,23721,2,1,23721
6,2,1,11,2025-07-31T03:02:47.354461Z,2025-07-31T05:49:22.679087Z,106,0.913711163708426,0.835385393826952,0.688347595442177,0.0003782179846894,MNIST_seed2_prop0.01,linear_AUM_0.01,same_other_sizes_cv,balanced,same,23721,3,1,23721
6,3,1,2,2025-08-01T01:11:06.289202Z,2025-08-01T08:36:53.091231Z,116,0.990757270928446,0.989821458368096,0.66169303606532,3.10125051328214e-06,MNIST_seed2_prop0.01,conv_AUM_0.1,same_other_sizes_cv,unbalanced,other,23721,1,1,23721
6,3,1,4,2025-07-31T03:02:47.354460Z,2025-07-31T20:58:42.571182Z,94,0.995141347721013,0.990986479719579,0.678276690629135,2.44823695538798e-05,MNIST_seed2_prop0.01,conv_AUM_0.1,same_other_sizes_cv,unbalanced,other,23721,2,1,23721
6,3,1,6,2025-08-01T01:11:06.289275Z,2025-08-01T12:52:32.245033Z,32,0.957936327888688,0.990310725025059,0.651336874175477,2.12948339139984e-06,MNIST_seed2_prop0.01,conv_AUM_0.1,same_other_sizes_cv,unbalanced,other,23721,3,1,23721
6,3,1,7,2025-07-31T03:02:47.354763Z,2025-07-31T18:38:35.330245Z,68,0.989967453686168,0.5,0.691652261319863,2.44669736275682e-05,MNIST_seed2_prop0.01,conv_AUM_0.1,same_other_sizes_cv,balanced,same,23721,1,1,23721
6,3,1,9,2025-07-31T03:02:47.354266Z,2025-07-31T10:38:13.698045Z,181,0.836782786244238,0.5,0.693735618088956,1.0087960617966e-05,MNIST_seed2_prop0.01,conv_AUM_0.1,same_other_sizes_cv,balanced,same,23721,2,1,23721
6,3,1,11,2025-07-31T03:02:47.354920Z,2025-07-31T22:24:30.929028Z,75,0.980376463020653,0.5,0.694576220216832,4.21466847910779e-06,MNIST_seed2_prop0.01,conv_AUM_0.1,same_other_sizes_cv,balanced,same,23721,3,1,23721
6,4,1,2,2025-07-31T03:02:47.354447Z,2025-07-31T04:21:46.576760Z,161,0.850068536307658,0.481561822125813,0.699573831751808,0.00979067943990231,MNIST_seed2_prop0.01,linear_AUM_0.1,same_other_sizes_cv,unbalanced,other,23721,1,1,23721
6,4,1,4,2025-07-31T03:02:47.355017Z,2025-07-31T04:20:48.570069Z,72,0.834184791772047,0.316140877983642,0.737073421464302,0.0117140430957079,MNIST_seed2_prop0.01,linear_AUM_0.1,same_other_sizes_cv,unbalanced,other,23721,2,1,23721
6,4,1,6,2025-07-31T03:02:47.354447Z,2025-07-31T04:18:59.351552Z,153,0.948720857182746,0.643167390578015,0.684579779032365,0.00224741734564304,MNIST_seed2_prop0.01,linear_AUM_0.1,same_other_sizes_cv,unbalanced,other,23721,3,1,23721
6,4,1,7,2025-07-31T03:02:47.354599Z,2025-07-31T04:08:44.684743Z,165,0.938839992720375,0.870616992582603,0.649224857826564,0.00278303422965109,MNIST_seed2_prop0.01,linear_AUM_0.1,same_other_sizes_cv,balanced,same,23721,1,1,23721
6,4,1,9,2025-07-31T03:02:47.354541Z,2025-07-31T04:19:27.200392Z,155,0.923747600590361,0.786677908937605,0.661655835967613,0.00249018939211965,MNIST_seed2_prop0.01,linear_AUM_0.1,same_other_sizes_cv,balanced,same,23721,2,1,23721
6,4,1,11,2025-07-31T03:02:47.354599Z,2025-07-31T04:09:57.897483Z,162,0.914918498800715,0.80291786135942,0.659044714391441,0.00302611058577895,MNIST_seed2_prop0.01,linear_AUM_0.1,same_other_sizes_cv,balanced,same,23721,3,1,23721
6,5,1,2,2025-08-01T01:11:06.289258Z,2025-08-01T09:22:54.040090Z,113,0.943637177630632,0.0101785416319039,0.721231423035349,5.04283389091143e-06,MNIST_seed2_prop0.01,conv_AUM_1,same_other_sizes_cv,unbalanced,other,23721,1,1,23721
6,5,1,4,2025-07-31T03:02:47.354574Z,2025-07-31T12:46:51.151852Z,141,0.992601022874161,0.0100150225338007,0.738768906967075,7.88795546213805e-07,MNIST_seed2_prop0.01,conv_AUM_1,same_other_sizes_cv,unbalanced,other,23721,2,1,23721
6,5,1,6,2025-07-31T03:02:47.354562Z,2025-07-31T15:34:15.897223Z,136,0.993652275582855,0.00968927497494153,0.726890428436241,5.44810689007136e-07,MNIST_seed2_prop0.01,conv_AUM_1,same_other_sizes_cv,unbalanced,other,23721,3,1,23721
6,5,1,7,2025-07-31T03:02:47.354562Z,2025-07-31T12:27:01.560612Z,140,0.963861360421481,0.5,0.694374972308396,1.58340462803608e-05,MNIST_seed2_prop0.01,conv_AUM_1,same_other_sizes_cv,balanced,same,23721,1,1,23721
6,5,1,9,2025-07-31T03:02:47.354591Z,2025-07-31T21:10:01.121825Z,195,0.992687708482037,0.5,0.693305211153435,2.09635481951409e-06,MNIST_seed2_prop0.01,conv_AUM_1,same_other_sizes_cv,balanced,same,23721,2,1,23721
6,5,1,11,2025-08-01T01:11:06.289382Z,2025-08-01T13:23:26.512766Z,61,0.992134250917296,0.5,0.693323359265348,2.11610540645779e-06,MNIST_seed2_prop0.01,conv_AUM_1,same_other_sizes_cv,balanced,same,23721,3,1,23721
6,6,1,2,2025-07-31T03:02:47.354726Z,2025-07-31T04:18:01.173365Z,197,0.906815493627231,0.529784748873686,0.830215587602482,0.0374655649065971,MNIST_seed2_prop0.01,linear_AUM_1,same_other_sizes_cv,unbalanced,other,23721,1,1,23721
6,6,1,4,2025-07-31T03:02:47.355057Z,2025-07-31T04:20:34.840793Z,163,0.948864722081718,0.71957936905358,0.591931491609358,0.0216644331812859,MNIST_seed2_prop0.01,linear_AUM_1,same_other_sizes_cv,unbalanced,other,23721,2,1,23721
6,6,1,6,2025-07-31T03:02:47.355160Z,2025-07-31T03:47:44.268812Z,187,0.952277909628178,0.702472435683261,0.606826040559899,0.0181649085134268,MNIST_seed2_prop0.01,linear_AUM_1,same_other_sizes_cv,unbalanced,other,23721,3,1,23721
6,6,1,7,2025-07-31T03:02:47.355772Z,2025-07-31T04:30:27.674469Z,98,0.916269473907249,0.795684423465947,0.481957118374473,0.0264439508318901,MNIST_seed2_prop0.01,linear_AUM_1,same_other_sizes_cv,balanced,same,23721,1,1,23721
6,6,1,9,2025-07-31T03:02:47.354950Z,2025-07-31T04:06:12.798682Z,139,0.886216895256349,0.703119730185497,0.596945707007683,0.0380177684128284,MNIST_seed2_prop0.01,linear_AUM_1,same_other_sizes_cv,balanced,same,23721,2,1,23721
6,6,1,11,2025-07-31T03:02:47.355218Z,2025-07-31T04:17:05.505788Z,169,0.946183745525743,0.869033563838759,0.420202643216004,0.0222218204289675,MNIST_seed2_prop0.01,linear_AUM_1,same_other_sizes_cv,balanced,same,23721,3,1,23721
6,7,1,2,2025-08-01T01:11:06.289273Z,2025-08-01T20:06:11.089055Z,72,0.996614638028807,0.974803937927582,0.0714778405106457,0.0116620529443026,MNIST_seed2_prop0.01,conv_logistic_0.01,same_other_sizes_cv,unbalanced,other,23721,1,1,23721
6,7,1,4,2025-07-31T03:02:47.355582Z,2025-07-31T16:56:58.580165Z,29,0.998218400494579,0.977800033383408,0.072994961290262,0.0045087281614542,MNIST_seed2_prop0.01,conv_logistic_0.01,same_other_sizes_cv,unbalanced,other,23721,2,1,23721
6,7,1,6,2025-08-01T01:11:06.289463Z,2025-08-01T12:42:09.614749Z,114,0.997315486993345,0.97494153023722,0.0739642065963432,0.0122899059206247,MNIST_seed2_prop0.01,conv_logistic_0.01,same_other_sizes_cv,unbalanced,other,23721,3,1,23721
6,7,1,7,2025-08-01T01:11:06.289527Z,2025-08-01T13:08:38.032727Z,4,0.996555292983323,0.978590694538098,0.0672480166365356,0.0112119046971202,MNIST_seed2_prop0.01,conv_logistic_0.01,same_other_sizes_cv,balanced,same,23721,1,1,23721
6,7,1,9,2025-08-01T01:11:06.289451Z,2025-08-01T14:47:17.326394Z,59,0.997274512368868,0.979258010118044,0.0614996257110863,0.010105837136507,MNIST_seed2_prop0.01,conv_logistic_0.01,same_other_sizes_cv,balanced,same,23721,2,1,23721
6,7,1,11,2025-07-31T03:02:47.355733Z,2025-07-31T22:46:34.581636Z,188,0.997336844911938,0.978495530443582,0.0621999289349277,0.0105795133858919,MNIST_seed2_prop0.01,conv_logistic_0.01,same_other_sizes_cv,balanced,same,23721,3,1,23721
6,8,1,2,2025-07-31T03:02:47.356441Z,2025-07-31T05:52:05.680204Z,90,0.957228369609676,0.87735691640247,0.307176814793603,0.0425861962139607,MNIST_seed2_prop0.01,linear_logistic_0.01,same_other_sizes_cv,unbalanced,other,23721,1,1,23721
6,8,1,4,2025-07-31T03:02:47.356679Z,2025-07-31T05:47:23.431223Z,74,0.95715730905412,0.881488900016692,0.305413062609302,0.0486672222614288,MNIST_seed2_prop0.01,linear_logistic_0.01,same_other_sizes_cv,unbalanced,other,23721,2,1,23721
6,8,1,6,2025-07-31T03:02:47.355700Z,2025-07-31T04:21:41.757117Z,132,0.960729908325189,0.878549949883061,0.312353297839825,0.0404502749443054,MNIST_seed2_prop0.01,linear_logistic_0.01,same_other_sizes_cv,unbalanced,other,23721,3,1,23721
6,8,1,7,2025-07-31T03:02:47.355692Z,2025-07-31T04:58:00.978039Z,138,0.952647452199325,0.885198921105867,0.28064520848216,0.0487098805606365,MNIST_seed2_prop0.01,linear_logistic_0.01,same_other_sizes_cv,balanced,same,23721,1,1,23721
6,8,1,9,2025-07-31T03:02:47.356218Z,2025-07-31T06:14:10.581515Z,57,0.952282602822701,0.885160202360877,0.282347486787503,0.0491760186851025,MNIST_seed2_prop0.01,linear_logistic_0.01,same_other_sizes_cv,balanced,same,23721,2,1,23721
6,8,1,11,2025-07-31T03:02:47.356216Z,2025-07-31T05:54:55.589759Z,146,0.954318703181327,0.887080452015517,0.276946132515947,0.0468802452087402,MNIST_seed2_prop0.01,linear_logistic_0.01,same_other_sizes_cv,balanced,same,23721,3,1,23721
6,9,1,2,2025-08-01T01:11:06.289544Z,2025-08-01T18:15:12.861018Z,24,0.999552303151564,0.987819122309361,0.0427230238748481,0.000974700786173344,MNIST_seed2_prop0.01,conv_logistic_0.1,same_other_sizes_cv,unbalanced,other,23721,1,1,23721
6,9,1,4,2025-08-01T01:11:06.289608Z,2025-08-01T18:16:35.499294Z,26,0.999342438037434,0.986479719579369,0.0454780978509131,0.00273189740255475,MNIST_seed2_prop0.01,conv_logistic_0.1,same_other_sizes_cv,unbalanced,other,23721,2,1,23721
6,9,1,6,2025-07-31T03:02:47.355965Z,2025-07-31T21:27:43.551374Z,198,0.99752489645865,0.987804878048781,0.0444675700607129,0.0120858466252685,MNIST_seed2_prop0.01,conv_logistic_0.1,same_other_sizes_cv,unbalanced,other,23721,3,1,23721
6,9,1,7,2025-07-31T03:02:47.356312Z,2025-07-31T16:41:41.915612Z,23,0.999087844412444,0.988283884018881,0.0411877414394315,0.00753921596333385,MNIST_seed2_prop0.01,conv_logistic_0.1,same_other_sizes_cv,balanced,same,23721,1,1,23721
6,9,1,9,2025-08-01T01:11:06.289729Z,2025-08-01T12:29:10.729658Z,7,0.999151767813928,0.988870151770658,0.036337077858424,0.00692512281239033,MNIST_seed2_prop0.01,conv_logistic_0.1,same_other_sizes_cv,balanced,same,23721,2,1,23721
6,9,1,11,2025-07-31T03:02:47.356498Z,2025-07-31T22:48:44.123073Z,159,0.999269579550742,0.989458593354697,0.034000696799148,0.00591270066797733,MNIST_seed2_prop0.01,conv_logistic_0.1,same_other_sizes_cv,balanced,same,23721,3,1,23721
6,10,1,2,2025-07-31T03:02:47.356299Z,2025-07-31T05:16:24.662254Z,175,0.968956921614365,0.893375604872351,0.276295485488128,0.0378063507378101,MNIST_seed2_prop0.01,linear_logistic_0.1,same_other_sizes_cv,unbalanced,other,23721,1,1,23721
6,10,1,4,2025-07-31T03:02:47.356621Z,2025-07-31T05:54:35.208002Z,152,0.962679143483395,0.900350525788683,0.273618464647722,0.0495483987033367,MNIST_seed2_prop0.01,linear_logistic_0.1,same_other_sizes_cv,unbalanced,other,23721,2,1,23721
6,10,1,6,2025-07-31T03:02:47.357212Z,2025-07-31T05:53:57.571604Z,111,0.966686444227278,0.894420314066155,0.283432942704633,0.0393071696162224,MNIST_seed2_prop0.01,linear_logistic_0.1,same_other_sizes_cv,unbalanced,other,23721,3,1,23721
6,10,1,7,2025-07-31T03:02:47.356688Z,2025-07-31T04:30:02.806813Z,27,0.959081150771908,0.897336480107889,0.259231945219135,0.0479264333844185,MNIST_seed2_prop0.01,linear_logistic_0.1,same_other_sizes_cv,balanced,same,23721,1,1,23721
6,10,1,9,2025-07-31T03:02:47.357536Z,2025-07-31T06:18:18.016382Z,87,0.958833410588399,0.8964586846543,0.261126206038166,0.0481761619448662,MNIST_seed2_prop0.01,linear_logistic_0.1,same_other_sizes_cv,balanced,same,23721,2,1,23721
6,10,1,11,2025-07-31T03:02:47.357040Z,2025-07-31T06:05:26.980766Z,53,0.96080885292399,0.90217574633159,0.254053722397201,0.0456098765134811,MNIST_seed2_prop0.01,linear_logistic_0.1,same_other_sizes_cv,balanced,same,23721,3,1,23721
6,11,1,2,2025-07-31T03:02:47.357083Z,2025-07-31T18:08:57.709402Z,46,0.829630622464436,0.989821458368096,0.594254363695592,0.00272295228205621,MNIST_seed2_prop0.01,conv_logistic_1,same_other_sizes_cv,unbalanced,other,23721,1,1,23721
6,11,1,4,2025-07-31T03:02:47.356932Z,2025-07-31T10:10:53.665716Z,128,0.49940988029,0.987815055917209,0.693147479844775,1.95189883811508e-07,MNIST_seed2_prop0.01,conv_logistic_1,same_other_sizes_cv,unbalanced,other,23721,2,1,23721
6,11,1,6,2025-08-01T01:11:06.289653Z,2025-08-01T09:36:44.034580Z,64,0.5,0.00968927497494153,0.693147180559945,0,MNIST_seed2_prop0.01,conv_logistic_1,same_other_sizes_cv,unbalanced,other,23721,3,1,23721
6,11,1,7,2025-07-31T03:02:47.356796Z,2025-07-31T18:32:21.616910Z,173,0.996631738143555,0.978000674308833,0.0746535042906745,0.0133383646607399,MNIST_seed2_prop0.01,conv_logistic_1,same_other_sizes_cv,balanced,same,23721,1,1,23721
6,11,1,9,2025-07-31T03:02:47.357169Z,2025-07-31T10:59:17.238781Z,157,0.827547767802553,0.5,0.68940359958645,0.00080349890049547,MNIST_seed2_prop0.01,conv_logistic_1,same_other_sizes_cv,balanced,same,23721,2,1,23721
6,11,1,11,2025-07-31T03:02:47.357216Z,2025-07-31T13:56:03.749277Z,143,0.802078275390172,0.5,0.695445373164627,0.00172110344283283,MNIST_seed2_prop0.01,conv_logistic_1,same_other_sizes_cv,balanced,same,23721,3,1,23721
6,12,1,2,2025-07-31T03:02:47.357230Z,2025-07-31T04:49:13.940585Z,156,0.967041773984942,0.855664942432838,0.430130345420615,0.0460845604538918,MNIST_seed2_prop0.01,linear_logistic_1,same_other_sizes_cv,unbalanced,other,23721,1,1,23721
6,12,1,4,2025-07-31T03:02:47.357332Z,2025-07-31T04:43:07.406941Z,158,0.962192997246105,0.863628776498081,0.389532416408536,0.0580678880214691,MNIST_seed2_prop0.01,linear_logistic_1,same_other_sizes_cv,unbalanced,other,23721,2,1,23721
6,12,1,6,2025-07-31T03:02:47.357602Z,2025-07-31T04:48:11.507639Z,60,0.965112964772672,0.798696959572335,0.566316471644795,0.0361218899488449,MNIST_seed2_prop0.01,linear_logistic_1,same_other_sizes_cv,unbalanced,other,23721,3,1,23721
6,12,1,7,2025-07-31T03:02:47.357458Z,2025-07-31T04:11:06.506850Z,164,0.957770954613059,0.881153068105192,0.320800027288054,0.0493183396756649,MNIST_seed2_prop0.01,linear_logistic_1,same_other_sizes_cv,balanced,same,23721,1,1,23721
6,12,1,9,2025-07-31T03:02:47.357237Z,2025-07-31T04:27:52.708493Z,171,0.95775012867945,0.86256323777403,0.371174399135146,0.0420715995132923,MNIST_seed2_prop0.01,linear_logistic_1,same_other_sizes_cv,balanced,same,23721,2,1,23721
6,12,1,11,2025-07-31T03:02:47.357512Z,2025-07-31T03:55:05.306112Z,25,0.957497731135124,0.848962725586102,0.427576103627626,0.0403980240225792,MNIST_seed2_prop0.01,linear_logistic_1,same_other_sizes_cv,balanced,same,23721,3,1,23721
1,1,1,2,2025-08-01T01:11:06.289867Z,2025-08-01T13:07:22.448879Z,171,0.996332476435305,0.0101781170483461,0.73510816973446,3.88482076232322e-05,EMNIST_seed1_prop0.01,conv_AUM_0.01,same_other_sizes_cv,unbalanced,other,23333,1,1,23333
1,1,1,4,2025-08-01T01:11:06.290115Z,2025-08-01T14:20:09.451148Z,121,0.994658668951729,0.134860050890585,0.697150347999901,5.9785190387629e-05,EMNIST_seed1_prop0.01,conv_AUM_0.01,same_other_sizes_cv,unbalanced,other,23333,2,1,23333
1,1,1,6,2025-08-01T01:11:06.289828Z,2025-08-01T12:22:18.963497Z,6,0.989129502572902,0.00951410125722052,0.734102469710849,4.09071326430421e-05,EMNIST_seed1_prop0.01,conv_AUM_0.01,same_other_sizes_cv,unbalanced,other,23333,3,1,23333
1,1,1,7,2025-07-31T03:02:47.357565Z,2025-07-31T18:36:46.219364Z,134,0.991948022195642,0.5,0.688378624294276,5.43329915672075e-05,EMNIST_seed1_prop0.01,conv_AUM_0.01,same_other_sizes_cv,balanced,same,23333,1,1,23333
1,1,1,9,2025-07-31T03:02:47.357639Z,2025-07-31T18:46:12.814184Z,131,0.991129614821766,0.546529562982005,0.689341658535469,4.39672658103518e-05,EMNIST_seed1_prop0.01,conv_AUM_0.01,same_other_sizes_cv,balanced,same,23333,2,1,23333
1,1,1,11,2025-07-31T03:02:47.358566Z,2025-07-31T21:48:06.360763Z,116,0.991923951643036,0.5,0.68861404036714,6.97266732458957e-05,EMNIST_seed1_prop0.01,conv_AUM_0.01,same_other_sizes_cv,balanced,same,23333,3,1,23333
1,2,1,2,2025-07-31T03:02:47.358566Z,2025-07-31T05:04:01.995494Z,114,0.883940302770634,0.0105173876166243,0.715314455206384,0.00101062702015042,EMNIST_seed1_prop0.01,linear_AUM_0.01,same_other_sizes_cv,unbalanced,other,23333,1,1,23333
1,2,1,4,2025-07-31T03:02:47.358896Z,2025-07-31T05:10:19.033749Z,64,0.945714081690949,0.0105173876166243,0.706250403947749,0.000293819524813443,EMNIST_seed1_prop0.01,linear_AUM_0.01,same_other_sizes_cv,unbalanced,other,23333,2,1,23333
1,2,1,6,2025-07-31T03:02:47.357948Z,2025-07-31T04:56:21.761491Z,176,0.966304214653267,0.984029901461094,0.681708952352183,0.000213814084418118,EMNIST_seed1_prop0.01,linear_AUM_0.01,same_other_sizes_cv,unbalanced,other,23333,3,1,23333
1,2,1,7,2025-07-31T03:02:47.358376Z,2025-07-31T05:57:09.286397Z,50,0.871691378665956,0.506598114824336,0.686451490569847,0.000961590325459838,EMNIST_seed1_prop0.01,linear_AUM_0.01,same_other_sizes_cv,balanced,same,23333,1,1,23333
1,2,1,9,2025-07-31T03:02:47.358792Z,2025-07-31T05:57:41.536110Z,124,0.920173861452732,0.75458440445587,0.688172630938179,0.000411905435612425,EMNIST_seed1_prop0.01,linear_AUM_0.01,same_other_sizes_cv,balanced,same,23333,2,1,23333
1,2,1,11,2025-07-31T03:02:47.358254Z,2025-07-31T05:47:20.451117Z,149,0.954938215123173,0.747855917667239,0.687262455124444,0.00028536282479763,EMNIST_seed1_prop0.01,linear_AUM_0.01,same_other_sizes_cv,balanced,same,23333,3,1,23333
1,3,1,2,2025-07-31T03:02:47.358980Z,2025-07-31T16:10:55.308826Z,112,0.964590117109401,0.989821882951654,0.645630066968706,3.97224630432902e-06,EMNIST_seed1_prop0.01,conv_AUM_0.1,same_other_sizes_cv,unbalanced,other,23333,1,1,23333
1,3,1,4,2025-07-31T03:02:47.359076Z,2025-07-31T18:51:02.187783Z,110,0.998176235361325,0.989821882951654,0.647299061847413,1.5552133845631e-05,EMNIST_seed1_prop0.01,conv_AUM_0.1,same_other_sizes_cv,unbalanced,other,23333,2,1,23333
1,3,1,6,2025-07-31T03:02:47.358980Z,2025-07-31T15:35:01.455279Z,108,0.992890835579512,0.00951410125722052,0.734698037467374,6.58104499962064e-06,EMNIST_seed1_prop0.01,conv_AUM_0.1,same_other_sizes_cv,unbalanced,other,23333,3,1,23333
1,3,1,7,2025-08-01T01:11:06.290086Z,2025-08-01T15:09:49.358909Z,20,0.987039193355699,0.5,0.694821662275266,2.32478532780078e-06,EMNIST_seed1_prop0.01,conv_AUM_0.1,same_other_sizes_cv,balanced,same,23333,1,1,23333
1,3,1,9,2025-07-31T03:02:47.360851Z,2025-07-31T17:17:30.330407Z,76,0.99248304377229,0.5,0.691490458571466,1.55265952344053e-05,EMNIST_seed1_prop0.01,conv_AUM_0.1,same_other_sizes_cv,balanced,same,23333,2,1,23333
1,3,1,11,2025-07-31T03:02:47.360474Z,2025-07-31T16:39:08.452248Z,70,0.993675611743834,0.501457975986278,0.688150313561915,4.5561813749373e-05,EMNIST_seed1_prop0.01,conv_AUM_0.1,same_other_sizes_cv,balanced,same,23333,3,1,23333
1,4,1,2,2025-07-31T03:02:47.358709Z,2025-07-31T04:19:15.441346Z,167,0.972062267923449,0.42832909245123,0.707366436875266,0.00247723516076803,EMNIST_seed1_prop0.01,linear_AUM_0.1,same_other_sizes_cv,unbalanced,other,23333,1,1,23333
1,4,1,4,2025-07-31T03:02:47.358536Z,2025-07-31T04:08:37.137471Z,179,0.938189088831761,0.672603901611535,0.678024320729106,0.00296865357086062,EMNIST_seed1_prop0.01,linear_AUM_0.1,same_other_sizes_cv,unbalanced,other,23333,2,1,23333
1,4,1,6,2025-07-31T03:02:47.359358Z,2025-07-31T04:20:00.440261Z,101,0.963734378828722,0.394495412844037,0.705473504510713,0.00260197091847658,EMNIST_seed1_prop0.01,linear_AUM_0.1,same_other_sizes_cv,unbalanced,other,23333,3,1,23333
1,4,1,7,2025-07-31T03:02:47.358965Z,2025-07-31T04:08:48.623240Z,178,0.964666503657787,0.709083119108826,0.642283836758371,0.00207874644547701,EMNIST_seed1_prop0.01,linear_AUM_0.1,same_other_sizes_cv,balanced,same,23333,1,1,23333
1,4,1,9,2025-07-31T03:02:47.360896Z,2025-07-31T04:08:19.752995Z,177,0.955813550149829,0.756983718937446,0.623149562797873,0.00374832423403859,EMNIST_seed1_prop0.01,linear_AUM_0.1,same_other_sizes_cv,balanced,same,23333,2,1,23333
1,4,1,11,2025-07-31T03:02:47.359137Z,2025-07-31T03:55:53.243818Z,1,0.960131601787643,0.719468267581475,0.637073353277059,0.0026338913012296,EMNIST_seed1_prop0.01,linear_AUM_0.1,same_other_sizes_cv,balanced,same,23333,3,1,23333
1,5,1,2,2025-07-31T03:02:47.359555Z,2025-07-31T15:13:43.749628Z,147,0.992723507569265,0.989821882951654,0.649862176054605,3.16471823680331e-06,EMNIST_seed1_prop0.01,conv_AUM_1,same_other_sizes_cv,unbalanced,other,23333,1,1,23333
1,5,1,4,2025-07-31T03:02:47.359380Z,2025-07-31T13:22:02.111558Z,5,0.995505569837193,0.0101781170483461,0.71352839902485,8.90153501131863e-07,EMNIST_seed1_prop0.01,conv_AUM_1,same_other_sizes_cv,unbalanced,other,23333,2,1,23333
1,5,1,6,2025-07-31T03:02:47.359555Z,2025-07-31T13:03:18.510273Z,150,0.994803663317815,0.99048589874278,0.686119289489914,1.98899897441152e-06,EMNIST_seed1_prop0.01,conv_AUM_1,same_other_sizes_cv,unbalanced,other,23333,3,1,23333
1,5,1,7,2025-07-31T03:02:47.359799Z,2025-07-31T09:25:53.102407Z,16,0.988658840771899,0.5,0.692993566432084,2.27679515774071e-06,EMNIST_seed1_prop0.01,conv_AUM_1,same_other_sizes_cv,balanced,same,23333,1,1,23333
1,5,1,9,2025-07-31T03:02:47.360668Z,2025-07-31T13:57:00.005179Z,97,0.993868105256743,0.5,0.692823461494729,7.64442120271269e-06,EMNIST_seed1_prop0.01,conv_AUM_1,same_other_sizes_cv,balanced,same,23333,2,1,23333
1,5,1,11,2025-07-31T03:02:47.361171Z,2025-07-31T12:33:19.253833Z,73,0.994360938424015,0.872898799313894,0.692786297918839,2.15241266232624e-06,EMNIST_seed1_prop0.01,conv_AUM_1,same_other_sizes_cv,balanced,same,23333,3,1,23333
1,6,1,2,2025-07-31T03:02:47.359861Z,2025-07-31T03:46:48.694232Z,26,0.977703513281919,0.529601357082273,0.76777431567128,0.00923111010342836,EMNIST_seed1_prop0.01,linear_AUM_1,same_other_sizes_cv,unbalanced,other,23333,1,1,23333
1,6,1,4,2025-07-31T03:02:47.360297Z,2025-07-31T04:27:58.483187Z,40,0.9675549842902,0.497370653095844,0.807523393600633,0.0142950117588043,EMNIST_seed1_prop0.01,linear_AUM_1,same_other_sizes_cv,unbalanced,other,23333,2,1,23333
1,6,1,6,2025-07-31T03:02:47.360073Z,2025-07-31T03:47:35.034976Z,14,0.966108184268559,0.511043153244988,0.774311957358259,0.015327506698668,EMNIST_seed1_prop0.01,linear_AUM_1,same_other_sizes_cv,unbalanced,other,23333,3,1,23333
1,6,1,7,2025-07-31T03:02:47.360330Z,2025-07-31T03:51:25.035439Z,12,0.962913100847426,0.760154241645244,0.459059060564756,0.0148689607158303,EMNIST_seed1_prop0.01,linear_AUM_1,same_other_sizes_cv,balanced,same,23333,1,1,23333
1,6,1,9,2025-07-31T03:02:47.360386Z,2025-07-31T04:26:33.383896Z,31,0.946751137574354,0.686889460154242,0.526979425815684,0.018641222268343,EMNIST_seed1_prop0.01,linear_AUM_1,same_other_sizes_cv,balanced,same,23333,2,1,23333
1,6,1,11,2025-07-31T03:02:47.360404Z,2025-07-31T04:28:29.885174Z,42,0.943613944552486,0.75548885077187,0.475434380947323,0.0219813324511051,EMNIST_seed1_prop0.01,linear_AUM_1,same_other_sizes_cv,balanced,same,23333,3,1,23333
1,7,1,2,2025-08-01T01:11:06.290216Z,2025-08-02T02:40:12.720076Z,153,0.999157383604681,0.983715012722646,0.0519750128641751,0.000417380826547742,EMNIST_seed1_prop0.01,conv_logistic_0.01,same_other_sizes_cv,unbalanced,other,23333,1,1,23333
1,7,1,4,2025-08-01T01:11:06.290009Z,2025-08-01T14:45:24.520936Z,62,0.999445872607824,0.98303647158609,0.0504225549984039,0.000550427648704499,EMNIST_seed1_prop0.01,conv_logistic_0.01,same_other_sizes_cv,unbalanced,other,23333,2,1,23333
1,7,1,6,2025-07-31T03:02:47.360425Z,2025-07-31T14:31:32.227906Z,6,0.998244915461896,0.984709480122324,0.0524833310787165,0.0111551703885198,EMNIST_seed1_prop0.01,conv_logistic_0.01,same_other_sizes_cv,unbalanced,other,23333,3,1,23333
1,7,1,7,2025-08-01T01:11:06.290092Z,2025-08-01T14:17:31.794880Z,58,0.998361188026337,0.985004284490146,0.0454260040261121,0.00749337067827582,EMNIST_seed1_prop0.01,conv_logistic_0.01,same_other_sizes_cv,balanced,same,23333,1,1,23333
1,7,1,9,2025-08-01T01:11:06.290464Z,2025-08-01T12:31:08.783335Z,81,0.998502051195068,0.984147386461011,0.0464790358667678,0.00769754918292165,EMNIST_seed1_prop0.01,conv_logistic_0.01,same_other_sizes_cv,balanced,same,23333,2,1,23333
1,7,1,11,2025-07-31T03:02:47.360543Z,2025-07-31T16:37:20.822169Z,144,0.998254694915105,0.984905660377358,0.0474783217988664,0.0075941844843328,EMNIST_seed1_prop0.01,conv_logistic_0.01,same_other_sizes_cv,balanced,same,23333,3,1,23333
1,8,1,2,2025-07-31T03:02:47.360797Z,2025-07-31T04:22:10.589971Z,28,0.975118537560699,0.912298558100085,0.27757716245388,0.0321754738688469,EMNIST_seed1_prop0.01,linear_logistic_0.01,same_other_sizes_cv,unbalanced,other,23333,1,1,23333
1,8,1,4,2025-07-31T03:02:47.361248Z,2025-07-31T04:19:37.682343Z,33,0.968360468437588,0.907209499575912,0.282272861448628,0.0383179672062397,EMNIST_seed1_prop0.01,linear_logistic_0.01,same_other_sizes_cv,unbalanced,other,23333,2,1,23333
1,8,1,6,2025-07-31T03:02:47.361247Z,2025-07-31T04:19:31.269038Z,30,0.972571061014459,0.911484879374788,0.266726275363689,0.0356587022542954,EMNIST_seed1_prop0.01,linear_logistic_0.01,same_other_sizes_cv,unbalanced,other,23333,3,1,23333
1,8,1,7,2025-07-31T03:02:47.361089Z,2025-07-31T05:04:14.692653Z,145,0.965784612402332,0.906341045415596,0.244487311790307,0.0398125797510147,EMNIST_seed1_prop0.01,linear_logistic_0.01,same_other_sizes_cv,balanced,same,23333,1,1,23333
1,8,1,9,2025-07-31T03:02:47.361089Z,2025-07-31T05:05:18.374823Z,148,0.966608203752288,0.907540702656384,0.241173276242858,0.0387851372361183,EMNIST_seed1_prop0.01,linear_logistic_0.01,same_other_sizes_cv,balanced,same,23333,2,1,23333
1,8,1,11,2025-07-31T03:02:47.361091Z,2025-07-31T05:04:51.287013Z,151,0.962179726322417,0.903001715265866,0.255435387647802,0.0437031053006649,EMNIST_seed1_prop0.01,linear_logistic_0.01,same_other_sizes_cv,balanced,same,23333,3,1,23333
1,9,1,2,2025-07-31T03:02:47.362291Z,2025-07-31T18:24:04.933017Z,67,0.99967723507569,0.99236641221374,0.0263747139305958,0.00182843953371048,EMNIST_seed1_prop0.01,conv_logistic_0.1,same_other_sizes_cv,unbalanced,other,23333,1,1,23333
1,9,1,4,2025-08-01T01:11:06.290241Z,2025-08-01T19:17:41.417242Z,197,0.999931448157668,0.991518235793045,0.0252406740035387,3.9614374145458e-06,EMNIST_seed1_prop0.01,conv_logistic_0.1,same_other_sizes_cv,unbalanced,other,23333,2,1,23333
1,9,1,6,2025-07-31T03:02:47.362951Z,2025-07-31T17:59:23.039766Z,61,0.999519112962511,0.99184505606524,0.0348435409895248,0.000918959965929389,EMNIST_seed1_prop0.01,conv_logistic_0.1,same_other_sizes_cv,unbalanced,other,23333,3,1,23333
1,9,1,7,2025-07-31T03:02:47.362387Z,2025-07-31T21:08:48.962102Z,93,0.999198245965714,0.991688089117395,0.031148252793142,0.00554070388898253,EMNIST_seed1_prop0.01,conv_logistic_0.1,same_other_sizes_cv,balanced,same,23333,1,1,23333
1,9,1,9,2025-07-31T03:02:47.361643Z,2025-07-31T17:28:58.828698Z,9,0.999135259922064,0.991773778920308,0.034629373823195,0.00553218834102154,EMNIST_seed1_prop0.01,conv_logistic_0.1,same_other_sizes_cv,balanced,same,23333,2,1,23333
1,9,1,11,2025-07-31T03:02:47.371099Z,2025-07-31T11:42:46.546269Z,190,0.999213743310316,0.990394511149228,0.0300826180654054,0.00505707086995244,EMNIST_seed1_prop0.01,conv_logistic_0.1,same_other_sizes_cv,balanced,same,23333,3,1,23333
1,10,1,2,2025-07-31T03:02:47.364474Z,2025-07-31T04:50:37.682367Z,89,0.978123393316196,0.924173027989822,0.257167544813655,0.0289505086839199,EMNIST_seed1_prop0.01,linear_logistic_0.1,same_other_sizes_cv,unbalanced,other,23333,1,1,23333
1,10,1,4,2025-07-31T03:40:56.347553Z,2025-07-31T04:38:24.045181Z,7,0.973264781491002,0.917387616624258,0.265267913692647,0.0364368855953217,EMNIST_seed1_prop0.01,linear_logistic_0.1,same_other_sizes_cv,unbalanced,other,23333,2,1,23333
1,10,1,6,2025-07-31T03:46:48.820711Z,2025-07-31T04:57:49.899057Z,26,0.970626072041162,0.921168875297316,0.241990786856137,0.0383505523204803,EMNIST_seed1_prop0.01,linear_logistic_0.1,same_other_sizes_cv,unbalanced,other,23333,3,1,23333
1,10,1,7,2025-07-31T03:47:35.150246Z,2025-07-31T04:59:19.405612Z,14,0.969732423126995,0.914738646101114,0.228189183847434,0.0390383787453175,EMNIST_seed1_prop0.01,linear_logistic_0.1,same_other_sizes_cv,balanced,same,23333,1,1,23333
1,10,1,9,2025-07-31T03:47:44.408127Z,2025-07-31T04:56:34.869467Z,187,0.970683322943353,0.914567266495287,0.224115994610814,0.0379638597369194,EMNIST_seed1_prop0.01,linear_logistic_0.1,same_other_sizes_cv,balanced,same,23333,2,1,23333
1,10,1,11,2025-07-31T03:50:16.864758Z,2025-07-31T05:03:57.841591Z,11,0.966029497865479,0.911921097770154,0.242715609577172,0.0434780493378639,EMNIST_seed1_prop0.01,linear_logistic_0.1,same_other_sizes_cv,balanced,same,23333,3,1,23333
1,11,1,2,2025-07-31T03:50:22.979389Z,2025-07-31T09:25:02.812773Z,3,0.500257069408743,0.0130619168787108,0.69314708926766,8.73384351507411e-08,EMNIST_seed1_prop0.01,conv_logistic_1,same_other_sizes_cv,unbalanced,other,23333,1,1,23333
1,11,1,4,2025-07-31T03:51:22.685764Z,2025-07-31T11:18:28.989857Z,104,0.996503856041128,0.97726887192536,0.0732799046468133,0.00992975290864706,EMNIST_seed1_prop0.01,conv_logistic_1,same_other_sizes_cv,unbalanced,other,23333,2,1,23333
1,11,1,6,2025-07-31T03:51:25.142150Z,2025-07-31T09:49:24.259772Z,12,0.984985297721144,0.935949711179069,0.203171972254044,0.0240999460220337,EMNIST_seed1_prop0.01,conv_logistic_1,same_other_sizes_cv,unbalanced,other,23333,3,1,23333
1,11,1,7,2025-07-31T03:51:31.929432Z,2025-07-31T11:24:39.132118Z,125,0.996986509179529,0.980291345329906,0.0699824448417068,0.012566096149385,EMNIST_seed1_prop0.01,conv_logistic_1,same_other_sizes_cv,balanced,same,23333,1,1,23333
1,11,1,9,2025-07-31T03:54:52.741077Z,2025-07-31T09:24:52.607093Z,22,0.500512567470624,0.5,0.693150346548206,2.29122903760981e-07,EMNIST_seed1_prop0.01,conv_logistic_1,same_other_sizes_cv,balanced,same,23333,2,1,23333
1,11,1,11,2025-07-31T03:55:05.427694Z,2025-07-31T10:23:59.910334Z,25,0.984533877236392,0.939708404802744,0.168366250344545,0.0268116481602192,EMNIST_seed1_prop0.01,conv_logistic_1,same_other_sizes_cv,balanced,same,23333,3,1,23333
1,12,1,2,2025-07-31T03:55:53.350706Z,2025-07-31T04:49:10.684334Z,1,0.978414738646105,0.950466497031383,0.185632073180054,0.0356337912380695,EMNIST_seed1_prop0.01,linear_logistic_1,same_other_sizes_cv,unbalanced,other,23333,1,1,23333
1,12,1,4,2025-07-31T04:06:12.943413Z,2025-07-31T05:13:57.148725Z,139,0.970465581262495,0.732654792196777,1.16409481247209,0.0110587663948536,EMNIST_seed1_prop0.01,linear_logistic_1,same_other_sizes_cv,unbalanced,other,23333,2,1,23333
1,12,1,6,2025-07-31T04:07:28.385854Z,2025-07-31T05:01:42.078514Z,183,0.969238544474397,0.912334352701325,0.289919959839105,0.0449386909604073,EMNIST_seed1_prop0.01,linear_logistic_1,same_other_sizes_cv,unbalanced,other,23333,3,1,23333
1,12,1,7,2025-07-31T04:08:19.910536Z,2025-07-31T05:15:12.659721Z,177,0.969556858158044,0.915252784918595,0.259754747592116,0.0501769408583641,EMNIST_seed1_prop0.01,linear_logistic_1,same_other_sizes_cv,balanced,same,23333,1,1,23333
1,12,1,9,2025-07-31T04:08:37.247345Z,2025-07-31T05:13:52.557904Z,179,0.970435373220578,0.916795201371037,0.241671372460705,0.0467284619808197,EMNIST_seed1_prop0.01,linear_logistic_1,same_other_sizes_cv,balanced,same,23333,2,1,23333
1,12,1,11,2025-07-31T04:08:44.837420Z,2025-07-31T05:19:29.042490Z,165,0.9655372342147,0.911921097770154,0.284449814826887,0.0543003119528294,EMNIST_seed1_prop0.01,linear_logistic_1,same_other_sizes_cv,balanced,same,23333,3,1,23333
2,1,1,2,2025-08-01T01:11:06.290241Z,2025-08-01T19:21:59.403402Z,199,0.994487289345898,0.991518235793045,0.68117877210583,4.39061113866046e-05,EMNIST_seed2_prop0.01,conv_AUM_0.01,same_other_sizes_cv,unbalanced,other,23333,1,1,23333
2,1,1,4,2025-08-01T01:11:06.290544Z,2025-08-01T16:23:59.521654Z,100,0.990739788631822,0.0101781170483461,0.771618416959361,0.000114809918159153,EMNIST_seed2_prop0.01,conv_AUM_0.01,same_other_sizes_cv,unbalanced,other,23333,2,1,23333
2,1,1,6,2025-07-31T04:10:40.629575Z,2025-07-31T14:41:39.381650Z,126,0.991287368292084,0.00951410125722052,0.713997037166744,7.23996781744063e-05,EMNIST_seed2_prop0.01,conv_AUM_0.01,same_other_sizes_cv,unbalanced,other,23333,3,1,23333
2,1,1,7,2025-07-31T04:10:46.796726Z,2025-07-31T19:22:29.664042Z,191,0.988052227457597,0.5,0.690177638085942,4.57617570646107e-05,EMNIST_seed2_prop0.01,conv_AUM_0.01,same_other_sizes_cv,balanced,same,23333,1,1,23333
2,1,1,9,2025-08-01T01:11:06.290544Z,2025-08-01T16:20:24.643857Z,99,0.993551207183551,0.5,0.686970653221433,7.28862069081515e-05,EMNIST_seed2_prop0.01,conv_AUM_0.01,same_other_sizes_cv,balanced,same,23333,2,1,23333
2,1,1,11,2025-07-31T04:14:33.596218Z,2025-07-31T20:19:22.689257Z,99,0.993067442606262,0.5,0.690043163286717,4.66825476905797e-05,EMNIST_seed2_prop0.01,conv_AUM_0.01,same_other_sizes_cv,balanced,same,23333,3,1,23333
2,2,1,2,2025-07-31T04:17:05.675159Z,2025-07-31T06:23:54.927671Z,169,0.957273636103969,0.874809160305344,0.688938308369184,0.0002816217020154,EMNIST_seed2_prop0.01,linear_AUM_0.01,same_other_sizes_cv,unbalanced,other,23333,1,1,23333
2,2,1,4,2025-07-31T04:17:12.472977Z,2025-07-31T06:32:49.639417Z,80,0.928891745215651,0.324342663273961,0.695901173687578,0.000556131068151444,EMNIST_seed2_prop0.01,linear_AUM_0.01,same_other_sizes_cv,unbalanced,other,23333,2,1,23333
2,2,1,6,2025-07-31T04:18:01.270234Z,2025-07-31T06:28:52.777951Z,197,0.961611737319288,0.14458036017669,0.697170361898466,0.000223296228796244,EMNIST_seed2_prop0.01,linear_AUM_0.01,same_other_sizes_cv,unbalanced,other,23333,3,1,23333
2,2,1,7,2025-07-31T04:18:02.638095Z,2025-07-31T06:28:04.062121Z,69,0.954864016083543,0.758183376178235,0.686057962875188,0.000346017011906952,EMNIST_seed2_prop0.01,linear_AUM_0.01,same_other_sizes_cv,balanced,same,23333,1,1,23333
2,2,1,9,2025-07-31T04:18:03.588630Z,2025-07-31T06:26:49.168226Z,78,0.887309039136082,0.581062553556127,0.687499155793109,0.000713339191861451,EMNIST_seed2_prop0.01,linear_AUM_0.01,same_other_sizes_cv,balanced,same,23333,2,1,23333
2,2,1,11,2025-07-31T04:18:59.517097Z,2025-07-31T06:34:08.251426Z,153,0.929542615383258,0.677615780445969,0.685739335090483,0.000556195853278041,EMNIST_seed2_prop0.01,linear_AUM_0.01,same_other_sizes_cv,balanced,same,23333,3,1,23333
2,3,1,2,2025-08-01T01:11:06.290545Z,2025-08-01T13:43:32.291883Z,98,0.99595829762925,0.989821882951654,0.669752402724458,1.31309388962109e-05,EMNIST_seed2_prop0.01,conv_AUM_0.1,same_other_sizes_cv,unbalanced,other,23333,1,1,23333
2,3,1,4,2025-07-31T04:19:26.804214Z,2025-07-31T12:11:21.131776Z,168,0.980385604113114,0.0101781170483461,0.736200518948371,9.80617041932419e-05,EMNIST_seed2_prop0.01,conv_AUM_0.1,same_other_sizes_cv,unbalanced,other,23333,2,1,23333
2,3,1,6,2025-07-31T04:19:27.396412Z,2025-07-31T18:36:29.306327Z,155,0.997895736339136,0.99048589874278,0.659419759065655,7.03456726114382e-06,EMNIST_seed2_prop0.01,conv_AUM_0.1,same_other_sizes_cv,unbalanced,other,23333,3,1,23333
2,3,1,7,2025-07-31T04:19:31.373584Z,2025-07-31T15:48:16.809956Z,30,0.994343415652817,0.50025706940874,0.691271962423816,1.36616918098298e-05,EMNIST_seed2_prop0.01,conv_AUM_0.1,same_other_sizes_cv,balanced,same,23333,1,1,23333
2,3,1,9,2025-07-31T04:19:37.772689Z,2025-07-31T12:21:15.136142Z,33,0.99297392078209,0.5,0.69063084588367,2.3378195692203e-05,EMNIST_seed2_prop0.01,conv_AUM_0.1,same_other_sizes_cv,balanced,same,23333,2,1,23333
2,3,1,11,2025-07-31T04:19:49.221441Z,2025-07-31T11:50:00.252633Z,170,0.995432861904916,0.820668953687822,0.687449745576101,3.80155142920557e-05,EMNIST_seed2_prop0.01,conv_AUM_0.1,same_other_sizes_cv,balanced,same,23333,3,1,23333
2,4,1,2,2025-07-31T04:20:00.587788Z,2025-07-31T05:31:04.527485Z,101,0.964247357897746,0.663104325699746,0.675498603606691,0.00315222609788179,EMNIST_seed2_prop0.01,linear_AUM_0.1,same_other_sizes_cv,unbalanced,other,23333,1,1,23333
2,4,1,4,2025-07-31T04:20:34.961744Z,2025-07-31T05:37:56.703327Z,163,0.944770065695517,0.628498727735369,0.683164653414018,0.0028036730363965,EMNIST_seed2_prop0.01,linear_AUM_0.1,same_other_sizes_cv,unbalanced,other,23333,2,1,23333
2,4,1,6,2025-07-31T04:20:48.702147Z,2025-07-31T05:34:24.294698Z,72,0.964765069835827,0.371219843696908,0.705255336413503,0.00183083978481591,EMNIST_seed2_prop0.01,linear_AUM_0.1,same_other_sizes_cv,unbalanced,other,23333,3,1,23333
2,4,1,7,2025-07-31T04:21:29.468311Z,2025-07-31T05:10:09.047152Z,127,0.95461493557845,0.777806341045416,0.648616219714164,0.00220906920731068,EMNIST_seed2_prop0.01,linear_AUM_0.1,same_other_sizes_cv,balanced,same,23333,1,1,23333
2,4,1,9,2025-07-31T04:21:41.864914Z,2025-07-31T05:05:03.909684Z,132,0.960108760699293,0.666666666666667,0.632547610130414,0.002840785542503,EMNIST_seed2_prop0.01,linear_AUM_0.1,same_other_sizes_cv,balanced,same,23333,2,1,23333
2,4,1,11,2025-07-31T04:21:46.692965Z,2025-07-31T05:38:53.793666Z,161,0.962434324147001,0.662864493996569,0.636367126876548,0.0025267715100199,EMNIST_seed2_prop0.01,linear_AUM_0.1,same_other_sizes_cv,balanced,same,23333,3,1,23333
2,5,1,2,2025-07-31T04:22:10.684626Z,2025-07-31T15:31:40.716031Z,28,0.991353898886033,0.0101781170483461,0.718699321735068,2.22174776354223e-06,EMNIST_seed2_prop0.01,conv_AUM_1,same_other_sizes_cv,unbalanced,other,23333,1,1,23333
2,5,1,4,2025-07-31T04:22:10.913464Z,2025-07-31T12:38:53.828879Z,129,0.992922022279352,0.0215436810856658,0.696259287969664,1.58937552896532e-06,EMNIST_seed2_prop0.01,conv_AUM_1,same_other_sizes_cv,unbalanced,other,23333,2,1,23333
2,5,1,6,2025-07-31T04:23:48.541563Z,2025-07-31T15:48:09.473196Z,96,0.990163256554768,0.99048589874278,0.666253564127794,6.2872896933186e-07,EMNIST_seed2_prop0.01,conv_AUM_1,same_other_sizes_cv,unbalanced,other,23333,3,1,23333
2,5,1,7,2025-07-31T04:24:08.465146Z,2025-07-31T15:49:43.265714Z,100,0.992407486953782,0.5,0.693237120845241,1.42315673201665e-06,EMNIST_seed2_prop0.01,conv_AUM_1,same_other_sizes_cv,balanced,same,23333,1,1,23333
2,5,1,9,2025-07-31T04:26:00.563829Z,2025-07-31T13:53:11.089271Z,18,0.99298077890342,0.5,0.692772765811296,2.46911349677248e-06,EMNIST_seed2_prop0.01,conv_AUM_1,same_other_sizes_cv,balanced,same,23333,2,1,23333
2,5,1,11,2025-08-01T01:11:06.290531Z,2025-08-01T06:59:30.227328Z,5,0.990073435739315,0.5,0.69507658934362,4.44804527433007e-06,EMNIST_seed2_prop0.01,conv_AUM_1,same_other_sizes_cv,balanced,same,23333,3,1,23333
2,6,1,2,2025-07-31T04:27:52.922115Z,2025-07-31T05:39:55.200615Z,171,0.886935161382462,0.219168787107718,2.05178168795904,0.0211960542947054,EMNIST_seed2_prop0.01,linear_AUM_1,same_other_sizes_cv,unbalanced,other,23333,1,1,23333
2,6,1,4,2025-07-31T04:27:58.590465Z,2025-07-31T05:33:53.304119Z,40,0.900185661239645,0.23969465648855,2.05772897147142,0.0155535917729139,EMNIST_seed2_prop0.01,linear_AUM_1,same_other_sizes_cv,unbalanced,other,23333,2,1,23333
2,6,1,6,2025-07-31T04:27:58.677433Z,2025-07-31T05:12:52.625770Z,133,0.964022298456257,0.458715596330275,0.809007013407907,0.0140143753960729,EMNIST_seed2_prop0.01,linear_AUM_1,same_other_sizes_cv,unbalanced,other,23333,3,1,23333
2,6,1,7,2025-07-31T04:28:30.031695Z,2025-07-31T05:33:06.006742Z,42,0.963568602140116,0.710796915167095,0.488207291024297,0.0140922646969557,EMNIST_seed2_prop0.01,linear_AUM_1,same_other_sizes_cv,balanced,same,23333,1,1,23333
2,6,1,9,2025-07-31T04:30:02.919238Z,2025-07-31T05:16:09.407266Z,27,0.962914921847522,0.751670951156812,0.456664207772802,0.0162565726786852,EMNIST_seed2_prop0.01,linear_AUM_1,same_other_sizes_cv,balanced,same,23333,2,1,23333
2,6,1,11,2025-07-31T04:30:27.816581Z,2025-07-31T05:44:59.565508Z,98,0.853239248695898,0.641766723842196,0.77190601130846,0.0426181554794312,EMNIST_seed2_prop0.01,linear_AUM_1,same_other_sizes_cv,balanced,same,23333,3,1,23333
2,7,1,2,2025-07-31T04:32:09.540607Z,2025-07-31T20:13:59.282600Z,91,0.999317337903456,0.988464800678541,0.0434274046230632,0.00113313982728869,EMNIST_seed2_prop0.01,conv_logistic_0.01,same_other_sizes_cv,unbalanced,other,23333,1,1,23333
2,7,1,4,2025-07-31T04:32:38.890721Z,2025-07-31T18:55:06.058321Z,8,0.997469294487291,0.984223918575064,0.0530800788210849,0.00629031006246805,EMNIST_seed2_prop0.01,conv_logistic_0.01,same_other_sizes_cv,unbalanced,other,23333,2,1,23333
2,7,1,6,2025-08-01T01:11:06.290622Z,2025-08-01T16:32:30.731805Z,92,0.999145430041657,0.985049269452939,0.0454608863282064,0.00591097865253687,EMNIST_seed2_prop0.01,conv_logistic_0.01,same_other_sizes_cv,unbalanced,other,23333,3,1,23333
2,7,1,7,2025-07-31T04:34:49.186784Z,2025-07-31T21:48:56.244960Z,21,0.99781861811058,0.983804627249357,0.0523840511012689,0.00906753819435835,EMNIST_seed2_prop0.01,conv_logistic_0.01,same_other_sizes_cv,balanced,same,23333,1,1,23333
2,7,1,9,2025-08-01T01:11:06.290760Z,2025-08-01T14:08:20.728017Z,108,0.998530276696559,0.984318766066838,0.0451133761095288,0.00721312779933214,EMNIST_seed2_prop0.01,conv_logistic_0.01,same_other_sizes_cv,balanced,same,23333,2,1,23333
2,7,1,11,2025-07-31T04:37:20.121086Z,2025-07-31T21:53:57.621509Z,15,0.997845531923657,0.981217838765009,0.0527493971712077,0.00911190919578075,EMNIST_seed2_prop0.01,conv_logistic_0.01,same_other_sizes_cv,balanced,same,23333,3,1,23333
2,8,1,2,2025-07-31T04:38:24.139739Z,2025-07-31T05:45:54.647332Z,7,0.966083976006856,0.914673452078032,0.276433499775058,0.0423685647547245,EMNIST_seed2_prop0.01,linear_logistic_0.01,same_other_sizes_cv,unbalanced,other,23333,1,1,23333
2,8,1,4,2025-07-31T04:38:25.240179Z,2025-07-31T06:11:31.369284Z,17,0.95289060268495,0.905173876166243,0.282086972698778,0.052975557744503,EMNIST_seed2_prop0.01,linear_logistic_0.01,same_other_sizes_cv,unbalanced,other,23333,2,1,23333
2,8,1,6,2025-07-31T04:38:44.840031Z,2025-07-31T06:14:23.807834Z,19,0.970797598627785,0.908256880733945,0.26066940306939,0.0335885882377625,EMNIST_seed2_prop0.01,linear_logistic_0.01,same_other_sizes_cv,unbalanced,other,23333,3,1,23333
2,8,1,7,2025-07-31T04:43:07.596593Z,2025-07-31T07:25:04.446975Z,158,0.963560348897744,0.904198800342759,0.251813810790221,0.0416525155305862,EMNIST_seed2_prop0.01,linear_logistic_0.01,same_other_sizes_cv,balanced,same,23333,1,1,23333
2,8,1,9,2025-07-31T04:45:52.325606Z,2025-07-31T07:33:57.034239Z,48,0.963114027648362,0.905227077977721,0.252077136869153,0.0416900590062141,EMNIST_seed2_prop0.01,linear_logistic_0.01,same_other_sizes_cv,balanced,same,23333,2,1,23333
2,8,1,11,2025-07-31T04:45:59.065602Z,2025-07-31T07:20:13.593550Z,55,0.962859154017929,0.902229845626072,0.252619901640529,0.0432378239929676,EMNIST_seed2_prop0.01,linear_logistic_0.01,same_other_sizes_cv,balanced,same,23333,3,1,23333
2,9,1,2,2025-08-01T01:11:06.290751Z,2025-08-01T12:10:22.878589Z,175,0.999691516709511,0.992875318066158,0.0257390329722514,0.000399152981117368,EMNIST_seed2_prop0.01,conv_logistic_0.1,same_other_sizes_cv,unbalanced,other,23333,1,1,23333
2,9,1,4,2025-07-31T04:49:10.787089Z,2025-07-31T17:19:02.389874Z,1,0.997512139388747,0.991178965224767,0.0306696761111075,0.00917811319231987,EMNIST_seed2_prop0.01,conv_logistic_0.1,same_other_sizes_cv,unbalanced,other,23333,2,1,23333
2,9,1,6,2025-08-01T01:11:06.290804Z,2025-08-01T14:07:24.532377Z,55,0.999730458221027,0.992864424057085,0.0267421224539739,0.000536358158569783,EMNIST_seed2_prop0.01,conv_logistic_0.1,same_other_sizes_cv,unbalanced,other,23333,3,1,23333
2,9,1,7,2025-07-31T04:50:37.810382Z,2025-07-31T22:29:59.458679Z,89,0.999236589766126,0.989288774635818,0.0386083334394224,0.00724607333540916,EMNIST_seed2_prop0.01,conv_logistic_0.1,same_other_sizes_cv,balanced,same,23333,1,1,23333
2,9,1,9,2025-07-31T04:56:21.891713Z,2025-07-31T20:52:40.543842Z,176,0.999498167618653,0.992287917737789,0.0234191711799329,0.00434315484017134,EMNIST_seed2_prop0.01,conv_logistic_0.1,same_other_sizes_cv,balanced,same,23333,2,1,23333
2,9,1,11,2025-07-31T04:56:34.984269Z,2025-07-31T22:19:21.234244Z,187,0.99904404084863,0.992024013722127,0.0314726220255196,0.00532102305442095,EMNIST_seed2_prop0.01,conv_logistic_0.1,same_other_sizes_cv,balanced,same,23333,3,1,23333
2,10,1,2,2025-07-31T04:57:50.006010Z,2025-07-31T06:18:54.487925Z,26,0.970031419594405,0.921798134011875,0.25251189779355,0.0433587618172169,EMNIST_seed2_prop0.01,linear_logistic_0.1,same_other_sizes_cv,unbalanced,other,23333,1,1,23333
2,10,1,4,2025-07-31T04:58:01.112645Z,2025-07-31T06:31:27.328952Z,138,0.962742073693228,0.91501272264631,0.263111510941406,0.0489214397966862,EMNIST_seed2_prop0.01,linear_logistic_0.1,same_other_sizes_cv,unbalanced,other,23333,2,1,23333
2,10,1,6,2025-07-31T04:58:38.568955Z,2025-07-31T07:05:44.074090Z,43,0.969753124234257,0.920659191301393,0.23748865307191,0.0360039360821247,EMNIST_seed2_prop0.01,linear_logistic_0.1,same_other_sizes_cv,unbalanced,other,23333,3,1,23333
2,10,1,7,2025-07-31T04:59:05.627578Z,2025-07-31T07:34:51.160431Z,85,0.967474206781904,0.909083119108826,0.237565784721289,0.0410220138728619,EMNIST_seed2_prop0.01,linear_logistic_0.1,same_other_sizes_cv,balanced,same,23333,1,1,23333
2,10,1,9,2025-07-31T04:59:19.509459Z,2025-07-31T06:06:21.897046Z,14,0.967058960018034,0.913796058269066,0.236557814001294,0.0409045033156872,EMNIST_seed2_prop0.01,linear_logistic_0.1,same_other_sizes_cv,balanced,same,23333,2,1,23333
2,10,1,11,2025-07-31T05:01:42.180369Z,2025-07-31T06:23:30.049180Z,183,0.966513655928847,0.910548885077187,0.239141592583345,0.0426040664315224,EMNIST_seed2_prop0.01,linear_logistic_0.1,same_other_sizes_cv,balanced,same,23333,3,1,23333
2,11,1,2,2025-07-31T05:02:03.148847Z,2025-07-31T11:45:05.791547Z,63,0.9245901171094,0.878201865988126,0.547670073879981,0.0147937443107367,EMNIST_seed2_prop0.01,conv_logistic_1,same_other_sizes_cv,unbalanced,other,23333,1,1,23333
2,11,1,4,2025-07-31T05:03:57.951876Z,2025-07-31T11:14:06.203538Z,11,0.911059697229363,0.303647158608991,0.703392381304375,0.00181583524681628,EMNIST_seed2_prop0.01,conv_logistic_1,same_other_sizes_cv,unbalanced,other,23333,2,1,23333
2,11,1,6,2025-07-31T05:04:02.175203Z,2025-07-31T14:06:16.093874Z,114,0.5,0.99048589874278,0.693147180559945,0,EMNIST_seed2_prop0.01,conv_logistic_1,same_other_sizes_cv,unbalanced,other,23333,3,1,23333
2,11,1,7,2025-07-31T05:04:14.824785Z,2025-07-31T20:15:45.936702Z,145,0.499914310197087,0.5,0.693147180764246,2.04300409922809e-10,EMNIST_seed2_prop0.01,conv_logistic_1,same_other_sizes_cv,balanced,same,23333,1,1,23333
2,11,1,9,2025-07-31T05:04:51.442022Z,2025-07-31T12:34:35.192644Z,151,0.601476977932857,0.559040274207369,0.692957072848603,0.000283919071080163,EMNIST_seed2_prop0.01,conv_logistic_1,same_other_sizes_cv,balanced,same,23333,2,1,23333
2,11,1,11,2025-07-31T05:05:04.025420Z,2025-07-31T10:24:32.613837Z,132,0.5,0.5,0.693147180559945,0,EMNIST_seed2_prop0.01,conv_logistic_1,same_other_sizes_cv,balanced,same,23333,3,1,23333
2,12,1,2,2025-07-31T05:05:18.506133Z,2025-07-31T06:18:29.880044Z,148,0.968203370465577,0.919932145886344,0.297888102367936,0.0569894835352898,EMNIST_seed2_prop0.01,linear_logistic_1,same_other_sizes_cv,unbalanced,other,23333,1,1,23333
2,12,1,4,2025-07-31T05:10:09.172262Z,2025-07-31T05:58:44.416841Z,127,0.959814338760354,0.91518235793045,0.36121411849624,0.0734324157238007,EMNIST_seed2_prop0.01,linear_logistic_1,same_other_sizes_cv,unbalanced,other,23333,2,1,23333
2,12,1,6,2025-07-31T05:10:19.162019Z,2025-07-31T06:24:34.760407Z,64,0.967547782406273,0.913013931362555,0.281948969393191,0.0459058582782745,EMNIST_seed2_prop0.01,linear_logistic_1,same_other_sizes_cv,unbalanced,other,23333,3,1,23333
2,12,1,7,2025-07-31T05:12:52.718385Z,2025-07-31T06:02:42.588027Z,133,0.967100182173437,0.913796058269066,0.267564149512338,0.0519294589757919,EMNIST_seed2_prop0.01,linear_logistic_1,same_other_sizes_cv,balanced,same,23333,1,1,23333
2,12,1,9,2025-07-31T05:13:52.694501Z,2025-07-31T06:18:07.976760Z,179,0.935711045466995,0.634532990574122,2.21533853140578,0.0063839596696198,EMNIST_seed2_prop0.01,linear_logistic_1,same_other_sizes_cv,balanced,same,23333,2,1,23333
2,12,1,11,2025-07-31T05:13:57.266131Z,2025-07-31T06:21:57.008261Z,139,0.966030424638632,0.912092624356775,0.277709472257659,0.054287925362587,EMNIST_seed2_prop0.01,linear_logistic_1,same_other_sizes_cv,balanced,same,23333,3,1,23333
3,1,1,2,2025-07-31T05:15:12.774017Z,2025-07-31T22:31:28.485403Z,177,0.988773207654958,0.989821882951654,0.656647267821701,7.9384000855498e-05,FashionMNIST_seed1_prop0.01,conv_AUM_0.01,same_other_sizes_cv,unbalanced,other,23333,1,1,23333
3,1,1,4,2025-07-31T05:16:09.512327Z,2025-07-31T19:22:30.001297Z,27,0.987357897743505,0.989821882951654,0.677694323256666,4.12006811529864e-05,FashionMNIST_seed1_prop0.01,conv_AUM_0.01,same_other_sizes_cv,unbalanced,other,23333,2,1,23333
3,1,1,6,2025-08-01T01:11:06.290720Z,2025-08-01T15:09:18.866678Z,75,0.991166380789025,0.00951410125722052,0.728632453223829,3.3712600270519e-05,FashionMNIST_seed1_prop0.01,conv_AUM_0.01,same_other_sizes_cv,unbalanced,other,23333,3,1,23333
3,1,1,7,2025-08-01T01:11:06.290722Z,2025-08-01T15:12:26.695334Z,78,0.989678894535458,0.5,0.689343138944025,8.0849313235376e-05,FashionMNIST_seed1_prop0.01,conv_AUM_0.01,same_other_sizes_cv,balanced,same,23333,1,1,23333
3,1,1,9,2025-08-01T01:11:06.290720Z,2025-08-01T15:15:56.044274Z,76,0.989348970437385,0.5,0.689651456682367,5.5405376770068e-05,FashionMNIST_seed1_prop0.01,conv_AUM_0.01,same_other_sizes_cv,balanced,same,23333,2,1,23333
3,1,1,11,2025-08-01T01:11:06.291318Z,2025-08-01T21:01:30.421403Z,128,0.988159678600955,0.5,0.690562560128471,5.97127218497917e-05,FashionMNIST_seed1_prop0.01,conv_AUM_0.01,same_other_sizes_cv,balanced,same,23333,3,1,23333
3,2,1,2,2025-07-31T05:33:06.135396Z,2025-07-31T07:23:07.102401Z,42,0.986008283347618,0.97540288379983,0.651286302386103,0.000503874733112752,FashionMNIST_seed1_prop0.01,linear_AUM_0.01,same_other_sizes_cv,unbalanced,other,23333,1,1,23333
3,2,1,4,2025-07-31T05:33:53.473915Z,2025-07-31T06:58:22.278446Z,40,0.989820051413881,0.907379134860051,0.645569942970099,0.000701090670190752,FashionMNIST_seed1_prop0.01,linear_AUM_0.01,same_other_sizes_cv,unbalanced,other,23333,2,1,23333
3,2,1,6,2025-07-31T05:34:24.429865Z,2025-07-31T06:56:20.392936Z,72,0.989451114922815,0.965511382942576,0.648811275354752,0.000481748313177377,FashionMNIST_seed1_prop0.01,linear_AUM_0.01,same_other_sizes_cv,unbalanced,other,23333,3,1,23333
3,2,1,7,2025-07-31T05:37:56.872631Z,2025-07-31T06:59:36.328423Z,163,0.984338092164633,0.9382176520994,0.64280718300586,0.000919525744393468,FashionMNIST_seed1_prop0.01,linear_AUM_0.01,same_other_sizes_cv,balanced,same,23333,1,1,23333
3,2,1,9,2025-07-31T05:38:53.936105Z,2025-07-31T06:59:47.396909Z,161,0.985344165346809,0.94318766066838,0.646305021500524,0.000815530773252249,FashionMNIST_seed1_prop0.01,linear_AUM_0.01,same_other_sizes_cv,balanced,same,23333,2,1,23333
3,2,1,11,2025-07-31T05:39:55.420267Z,2025-07-31T07:14:38.636199Z,171,0.985618393063618,0.926500857632933,0.656625553302711,0.000599452294409275,FashionMNIST_seed1_prop0.01,linear_AUM_0.01,same_other_sizes_cv,balanced,same,23333,3,1,23333
3,3,1,2,2025-08-01T01:11:06.291130Z,2025-08-01T19:12:26.862242Z,184,0.975249928591832,0.0101781170483461,0.745656391665455,1.27925723063527e-05,FashionMNIST_seed1_prop0.01,conv_AUM_0.1,same_other_sizes_cv,unbalanced,other,23333,1,1,23333
3,3,1,4,2025-08-01T01:11:06.291132Z,2025-08-01T13:57:12.726644Z,192,0.991091116823766,0.0101781170483461,0.720036888229411,6.78507785778493e-05,FashionMNIST_seed1_prop0.01,conv_AUM_0.1,same_other_sizes_cv,unbalanced,other,23333,2,1,23333
3,3,1,6,2025-07-31T05:45:54.855580Z,2025-07-31T11:59:04.692452Z,7,0.990097402597404,0.99048589874278,0.621344108931253,4.84600714116823e-05,FashionMNIST_seed1_prop0.01,conv_AUM_0.1,same_other_sizes_cv,unbalanced,other,23333,3,1,23333
3,3,1,7,2025-07-31T05:46:26.890660Z,2025-07-31T22:16:03.262793Z,122,0.979015734762525,0.5,0.69287479634535,4.40329677076079e-06,FashionMNIST_seed1_prop0.01,conv_AUM_0.1,same_other_sizes_cv,balanced,same,23333,1,1,23333
3,3,1,9,2025-07-31T05:47:20.643607Z,2025-07-31T20:23:50.246405Z,149,0.98886202913747,0.5,0.690527308687591,3.41794511768967e-05,FashionMNIST_seed1_prop0.01,conv_AUM_0.1,same_other_sizes_cv,balanced,same,23333,2,1,23333
3,3,1,11,2025-07-31T05:47:23.584905Z,2025-07-31T17:49:52.810157Z,74,0.988193218962661,0.5,0.686949977945189,9.84008147497661e-05,FashionMNIST_seed1_prop0.01,conv_AUM_0.1,same_other_sizes_cv,balanced,same,23333,3,1,23333
3,4,1,2,2025-07-31T05:49:22.945803Z,2025-07-31T07:05:29.155336Z,106,0.995215652670663,0.947582697201018,0.586794817820561,0.000664558203425258,FashionMNIST_seed1_prop0.01,linear_AUM_0.1,same_other_sizes_cv,unbalanced,other,23333,1,1,23333
3,4,1,4,2025-07-31T05:52:05.797412Z,2025-07-31T07:09:47.963177Z,90,0.972013710368469,0.483969465648855,0.736888527758741,0.0063002067618072,FashionMNIST_seed1_prop0.01,linear_AUM_0.1,same_other_sizes_cv,unbalanced,other,23333,2,1,23333
3,4,1,6,2025-07-31T05:52:11.196635Z,2025-07-31T07:13:21.110798Z,120,0.97242097525116,0.345056065239552,0.751003530468853,0.00459406618028879,FashionMNIST_seed1_prop0.01,linear_AUM_0.1,same_other_sizes_cv,unbalanced,other,23333,3,1,23333
3,4,1,7,2025-07-31T05:53:57.740796Z,2025-07-31T07:09:50.413817Z,111,0.990545969605452,0.953813196229649,0.57933423550636,0.00146844005212188,FashionMNIST_seed1_prop0.01,linear_AUM_0.1,same_other_sizes_cv,balanced,same,23333,1,1,23333
3,4,1,9,2025-07-31T05:54:35.386989Z,2025-07-31T07:13:16.719932Z,152,0.991634487098435,0.96203941730934,0.581899045592127,0.00136644719168544,FashionMNIST_seed1_prop0.01,linear_AUM_0.1,same_other_sizes_cv,balanced,same,23333,2,1,23333
3,4,1,11,2025-07-31T05:54:55.775702Z,2025-07-31T07:11:15.276444Z,146,0.98856435483349,0.899056603773585,0.586806423350533,0.00171031465288252,FashionMNIST_seed1_prop0.01,linear_AUM_0.1,same_other_sizes_cv,balanced,same,23333,3,1,23333
3,5,1,2,2025-07-31T05:57:09.960857Z,2025-07-31T18:26:04.920646Z,50,0.98629820051414,0.0120441051738762,0.700556921782958,1.99935766431736e-05,FashionMNIST_seed1_prop0.01,conv_AUM_1,same_other_sizes_cv,unbalanced,other,23333,1,1,23333
3,5,1,4,2025-07-31T05:57:41.786519Z,2025-07-31T18:27:49.759531Z,124,0.992912025135676,0.0101781170483461,0.707135115591981,5.30294437339762e-06,FashionMNIST_seed1_prop0.01,conv_AUM_1,same_other_sizes_cv,unbalanced,other,23333,2,1,23333
3,5,1,6,2025-07-31T05:58:44.527524Z,2025-07-31T11:41:17.968425Z,127,0.99180654251409,0.00985389058783554,0.701915616747858,9.64424657468044e-07,FashionMNIST_seed1_prop0.01,conv_AUM_1,same_other_sizes_cv,unbalanced,other,23333,3,1,23333
3,5,1,7,2025-07-31T06:01:22.535410Z,2025-07-31T18:45:28.513957Z,119,0.988230318329908,0.5,0.691833696630976,2.44682232732885e-05,FashionMNIST_seed1_prop0.01,conv_AUM_1,same_other_sizes_cv,balanced,same,23333,1,1,23333
3,5,1,9,2025-07-31T06:02:42.697537Z,2025-07-31T11:56:27.143125Z,133,0.985756754037958,0.5,0.6919122499819,4.05009450332727e-05,FashionMNIST_seed1_prop0.01,conv_AUM_1,same_other_sizes_cv,balanced,same,23333,2,1,23333
3,5,1,11,2025-07-31T06:05:27.184642Z,2025-07-31T21:45:40.629994Z,53,0.985470565390466,0.5,0.693631212877107,8.74879606271861e-06,FashionMNIST_seed1_prop0.01,conv_AUM_1,same_other_sizes_cv,balanced,same,23333,3,1,23333
3,6,1,2,2025-07-31T06:06:22.010411Z,2025-07-31T06:52:45.762289Z,14,0.987734932876318,0.614588634435963,0.938999805851711,0.00385192409157753,FashionMNIST_seed1_prop0.01,linear_AUM_1,same_other_sizes_cv,unbalanced,other,23333,1,1,23333
3,6,1,4,2025-07-31T06:11:31.463279Z,2025-07-31T07:04:12.475313Z,17,0.994055984004573,0.961662425784563,0.15822086094988,0.0117541691288352,FashionMNIST_seed1_prop0.01,linear_AUM_1,same_other_sizes_cv,unbalanced,other,23333,2,1,23333
3,6,1,6,2025-07-31T06:14:10.754144Z,2025-07-31T07:35:01.575115Z,57,0.993527934329823,0.952429493713897,0.192445189087347,0.00830975919961929,FashionMNIST_seed1_prop0.01,linear_AUM_1,same_other_sizes_cv,unbalanced,other,23333,3,1,23333
3,6,1,7,2025-07-31T06:14:11.579118Z,2025-07-31T07:35:12.971983Z,32,0.955752531961122,0.714481576692374,0.542633820780924,0.0189354419708252,FashionMNIST_seed1_prop0.01,linear_AUM_1,same_other_sizes_cv,balanced,same,23333,1,1,23333
3,6,1,9,2025-07-31T06:14:23.910654Z,2025-07-31T07:09:01.665237Z,19,0.992143500681774,0.963753213367609,0.151354958029231,0.0108544109389186,FashionMNIST_seed1_prop0.01,linear_AUM_1,same_other_sizes_cv,balanced,same,23333,2,1,23333
3,6,1,11,2025-07-31T06:16:21.275192Z,2025-07-31T07:56:18.921245Z,79,0.992523088420043,0.961234991423671,0.148354924868375,0.0116361239925027,FashionMNIST_seed1_prop0.01,linear_AUM_1,same_other_sizes_cv,balanced,same,23333,3,1,23333
3,7,1,2,2025-08-01T01:11:06.291183Z,2025-08-01T13:05:50.730627Z,3,0.995918309054559,0.966751484308736,0.0877301278826754,0.00709603913128376,FashionMNIST_seed1_prop0.01,conv_logistic_0.01,same_other_sizes_cv,unbalanced,other,23333,1,1,23333
3,7,1,4,2025-08-01T01:11:06.291294Z,2025-08-01T18:24:10.196872Z,30,0.996238217652096,0.963698049194232,0.0958160711353107,0.0135907214134932,FashionMNIST_seed1_prop0.01,conv_logistic_0.01,same_other_sizes_cv,unbalanced,other,23333,2,1,23333
3,7,1,6,2025-08-01T01:11:06.291018Z,2025-08-01T15:23:34.886241Z,79,0.995745528056846,0.965681277607883,0.0952634135897445,0.0147371618077159,FashionMNIST_seed1_prop0.01,conv_logistic_0.01,same_other_sizes_cv,unbalanced,other,23333,3,1,23333
3,7,1,7,2025-07-31T06:18:54.589159Z,2025-07-31T18:42:24.352789Z,26,0.994385151800183,0.964695801199657,0.0921044298694317,0.0178101193159819,FashionMNIST_seed1_prop0.01,conv_logistic_0.01,same_other_sizes_cv,balanced,same,23333,1,1,23333
3,7,1,9,2025-07-31T06:21:57.149415Z,2025-07-31T22:40:38.878469Z,139,0.994914313868458,0.967694944301628,0.085049415383045,0.0150584494695067,FashionMNIST_seed1_prop0.01,conv_logistic_0.01,same_other_sizes_cv,balanced,same,23333,2,1,23333
3,7,1,11,2025-08-01T01:11:06.291414Z,2025-08-02T01:13:11.358161Z,34,0.994725631014832,0.968696397941681,0.0874804724606691,0.0154721392318606,FashionMNIST_seed1_prop0.01,conv_logistic_0.01,same_other_sizes_cv,balanced,same,23333,3,1,23333
3,8,1,2,2025-07-31T06:23:55.047858Z,2025-07-31T09:11:22.055201Z,169,0.993281919451586,0.95657336726039,0.12714478688696,0.0120495110750198,FashionMNIST_seed1_prop0.01,linear_logistic_0.01,same_other_sizes_cv,unbalanced,other,23333,1,1,23333
3,8,1,4,2025-07-31T06:24:34.879278Z,2025-07-31T08:27:16.206319Z,64,0.992924878606111,0.952332485156913,0.129974615427027,0.0192588325589895,FashionMNIST_seed1_prop0.01,linear_logistic_0.01,same_other_sizes_cv,unbalanced,other,23333,2,1,23333
3,8,1,6,2025-07-31T06:26:49.340941Z,2025-07-31T08:48:12.070618Z,78,0.992011761823083,0.958036017669045,0.125708208542871,0.0148701723664999,FashionMNIST_seed1_prop0.01,linear_logistic_0.01,same_other_sizes_cv,unbalanced,other,23333,3,1,23333
3,8,1,7,2025-07-31T06:28:04.234481Z,2025-07-31T08:46:43.998379Z,69,0.990357334555166,0.958440445586975,0.119727615427835,0.0191713944077492,FashionMNIST_seed1_prop0.01,linear_logistic_0.01,same_other_sizes_cv,balanced,same,23333,1,1,23333
3,8,1,9,2025-07-31T06:28:52.932696Z,2025-07-31T08:37:13.083464Z,197,0.991276440297264,0.962296486718081,0.112864242417582,0.0173624474555254,FashionMNIST_seed1_prop0.01,linear_logistic_0.01,same_other_sizes_cv,balanced,same,23333,2,1,23333
3,8,1,11,2025-07-31T06:31:27.456847Z,2025-07-31T08:24:43.122435Z,138,0.991619616992607,0.960463121783877,0.113732238555076,0.0179477408528328,FashionMNIST_seed1_prop0.01,linear_logistic_0.01,same_other_sizes_cv,balanced,same,23333,3,1,23333
3,9,1,2,2025-07-31T06:32:49.779375Z,2025-07-31T22:32:56.391920Z,80,0.997335047129392,0.96607294317218,0.0835003343642542,0.0098860040307045,FashionMNIST_seed1_prop0.01,conv_logistic_0.1,same_other_sizes_cv,unbalanced,other,23333,1,1,23333
3,9,1,4,2025-07-31T06:34:08.394908Z,2025-07-31T21:00:57.711770Z,153,0.99709225935447,0.966921119592875,0.0886915654730589,0.0136197824031115,FashionMNIST_seed1_prop0.01,conv_logistic_0.1,same_other_sizes_cv,unbalanced,other,23333,2,1,23333
3,9,1,6,2025-07-31T06:52:45.889409Z,2025-07-31T16:53:08.972204Z,14,0.996982969860328,0.964492014950731,0.0945716633718986,0.0136708216741681,FashionMNIST_seed1_prop0.01,conv_logistic_0.1,same_other_sizes_cv,unbalanced,other,23333,3,1,23333
3,9,1,7,2025-07-31T06:56:20.549842Z,2025-07-31T21:12:44.979898Z,72,0.996562465810356,0.974035989717224,0.0721189766893758,0.0132631761953235,FashionMNIST_seed1_prop0.01,conv_logistic_0.1,same_other_sizes_cv,balanced,same,23333,1,1,23333
3,9,1,9,2025-08-01T01:11:06.291160Z,2025-08-01T11:05:59.391828Z,77,0.997098309774145,0.975835475578406,0.0651893397142546,0.0111504830420017,FashionMNIST_seed1_prop0.01,conv_logistic_0.1,same_other_sizes_cv,balanced,same,23333,2,1,23333
3,9,1,11,2025-07-31T06:59:36.502446Z,2025-07-31T22:06:09.677469Z,163,0.997154718157987,0.975557461406518,0.0655890790763273,0.0124613409861922,FashionMNIST_seed1_prop0.01,conv_logistic_0.1,same_other_sizes_cv,balanced,same,23333,3,1,23333
3,10,1,2,2025-07-31T06:59:47.572232Z,2025-07-31T09:09:37.076200Z,161,0.994453013424739,0.959966072943172,0.111538157747751,0.012108595110476,FashionMNIST_seed1_prop0.01,linear_logistic_0.1,same_other_sizes_cv,unbalanced,other,23333,1,1,23333
3,10,1,4,2025-07-31T07:04:12.574127Z,2025-07-31T08:40:07.240381Z,17,0.993013424735788,0.958100084817642,0.11514576998053,0.0197876803576946,FashionMNIST_seed1_prop0.01,linear_logistic_0.1,same_other_sizes_cv,unbalanced,other,23333,2,1,23333
3,10,1,6,2025-07-31T07:05:29.282487Z,2025-07-31T09:05:35.554950Z,106,0.993295148247975,0.962283384301733,0.111716459810674,0.015994343906641,FashionMNIST_seed1_prop0.01,linear_logistic_0.1,same_other_sizes_cv,unbalanced,other,23333,3,1,23333
3,10,1,7,2025-07-31T07:05:44.395398Z,2025-07-31T09:50:41.516536Z,43,0.991867927562378,0.961525278491859,0.107629264012474,0.0191615205258131,FashionMNIST_seed1_prop0.01,linear_logistic_0.1,same_other_sizes_cv,balanced,same,23333,1,1,23333
3,10,1,9,2025-07-31T07:09:01.782114Z,2025-07-31T08:46:50.198124Z,19,0.992629942675211,0.963667523564696,0.100934527737505,0.0176988989114761,FashionMNIST_seed1_prop0.01,linear_logistic_0.1,same_other_sizes_cv,balanced,same,23333,2,1,23333
3,10,1,11,2025-07-31T07:09:48.145349Z,2025-07-31T09:16:57.912073Z,90,0.993067898637496,0.964322469982847,0.100627363667295,0.017819857224822,FashionMNIST_seed1_prop0.01,linear_logistic_0.1,same_other_sizes_cv,balanced,same,23333,3,1,23333
3,11,1,2,2025-07-31T07:09:50.548723Z,2025-07-31T21:26:18.104996Z,111,0.996265352756359,0.958778625954199,0.101470162241916,0.0118295736610889,FashionMNIST_seed1_prop0.01,conv_logistic_1,same_other_sizes_cv,unbalanced,other,23333,1,1,23333
3,11,1,4,2025-08-01T01:11:06.291582Z,2025-08-01T07:18:32.202770Z,173,0.99506712367895,0.948261238337574,0.129785514793584,0.0192835070192814,FashionMNIST_seed1_prop0.01,conv_logistic_1,same_other_sizes_cv,unbalanced,other,23333,2,1,23333
3,11,1,6,2025-07-31T07:13:16.892768Z,2025-07-31T22:12:04.930592Z,152,0.997932492036268,0.965511382942576,0.0990073849407094,0.00633649062365294,FashionMNIST_seed1_prop0.01,conv_logistic_1,same_other_sizes_cv,unbalanced,other,23333,3,1,23333
3,11,1,7,2025-07-31T07:13:21.224634Z,2025-07-31T22:52:59.211378Z,120,0.99732897468149,0.975321336760926,0.0667097969161825,0.0126053271815181,FashionMNIST_seed1_prop0.01,conv_logistic_1,same_other_sizes_cv,balanced,same,23333,1,1,23333
3,11,1,9,2025-07-31T07:14:38.824181Z,2025-07-31T19:42:36.116111Z,171,0.5,0.5,0.693147180559945,1.02150206696128e-11,FashionMNIST_seed1_prop0.01,conv_logistic_1,same_other_sizes_cv,balanced,same,23333,2,1,23333
3,11,1,11,2025-08-01T01:11:06.291528Z,2025-08-01T14:26:23.289578Z,194,0.49991423670669,0.49991423670669,0.693147193442877,1.28819639400035e-08,FashionMNIST_seed1_prop0.01,conv_logistic_1,same_other_sizes_cv,balanced,same,23333,3,1,23333
3,12,1,2,2025-07-31T07:23:07.242556Z,2025-07-31T08:47:18.630525Z,42,0.993824621536707,0.975742154368108,0.0685579284666824,0.0192744098603725,FashionMNIST_seed1_prop0.01,linear_logistic_1,same_other_sizes_cv,unbalanced,other,23333,1,1,23333
3,12,1,4,2025-07-31T07:25:04.627538Z,2025-07-31T08:39:01.096850Z,158,0.991882319337333,0.957082273112808,0.126716093888281,0.0262416414916515,FashionMNIST_seed1_prop0.01,linear_logistic_1,same_other_sizes_cv,unbalanced,other,23333,2,1,23333
3,12,1,6,2025-07-31T07:33:57.460362Z,2025-07-31T08:58:21.111460Z,48,0.992465082087725,0.937988447162759,0.206991647300008,0.0176967885345221,FashionMNIST_seed1_prop0.01,linear_logistic_1,same_other_sizes_cv,unbalanced,other,23333,3,1,23333
3,12,1,7,2025-07-31T07:34:51.322753Z,2025-07-31T09:24:39.930895Z,85,0.991761516540629,0.960668380462725,0.127941896028441,0.0173962712287903,FashionMNIST_seed1_prop0.01,linear_logistic_1,same_other_sizes_cv,balanced,same,23333,1,1,23333
3,12,1,9,2025-07-31T07:35:01.741194Z,2025-07-31T09:02:41.868815Z,57,0.992557352324602,0.96203941730934,0.11181981201899,0.0219790674746037,FashionMNIST_seed1_prop0.01,linear_logistic_1,same_other_sizes_cv,balanced,same,23333,2,1,23333
3,12,1,11,2025-07-31T07:35:13.136924Z,2025-07-31T08:56:08.075797Z,32,0.99271913771849,0.962349914236707,0.106160168460582,0.0206444710493088,FashionMNIST_seed1_prop0.01,linear_logistic_1,same_other_sizes_cv,balanced,same,23333,3,1,23333
4,1,1,2,2025-08-01T01:11:06.291601Z,2025-08-01T22:10:54.783646Z,186,0.974178806055412,0.142832909245123,0.696929751903977,0.000156377311213873,FashionMNIST_seed2_prop0.01,conv_AUM_0.01,same_other_sizes_cv,unbalanced,other,23333,1,1,23333
4,1,1,4,2025-08-01T01:11:06.291910Z,2025-08-02T02:33:38.891604Z,155,0.988301913738928,0.989821882951654,0.630844866928937,7.04590420355089e-05,FashionMNIST_seed2_prop0.01,conv_AUM_0.01,same_other_sizes_cv,unbalanced,other,23333,2,1,23333
4,1,1,6,2025-08-01T01:11:06.291852Z,2025-08-01T12:50:00.213344Z,109,0.980110573388872,0.99048589874278,0.627605168591022,0.000111641435069032,FashionMNIST_seed2_prop0.01,conv_AUM_0.01,same_other_sizes_cv,unbalanced,other,23333,3,1,23333
4,1,1,7,2025-07-31T08:37:13.234183Z,2025-07-31T20:37:50.884599Z,197,0.984259172370142,0.5,0.687155219562871,0.000133316818391904,FashionMNIST_seed2_prop0.01,conv_AUM_0.01,same_other_sizes_cv,balanced,same,23333,1,1,23333
4,1,1,9,2025-08-01T01:11:06.292119Z,2025-08-01T12:36:53.303168Z,105,0.989706327020778,0.500428449014567,0.686102317822465,8.71537777129561e-05,FashionMNIST_seed2_prop0.01,conv_AUM_0.01,same_other_sizes_cv,balanced,same,23333,2,1,23333
4,1,1,11,2025-08-01T01:11:06.292214Z,2025-08-01T18:56:49.531665Z,117,0.989820588486241,0.508662092624357,0.688376684458648,5.37044288648758e-05,FashionMNIST_seed2_prop0.01,conv_AUM_0.01,same_other_sizes_cv,balanced,same,23333,3,1,23333
4,2,1,2,2025-07-31T08:46:44.186979Z,2025-07-31T11:15:14.805671Z,69,0.985278491859466,0.971331636980492,0.675321124615575,0.000262719462625682,FashionMNIST_seed2_prop0.01,linear_AUM_0.01,same_other_sizes_cv,unbalanced,other,23333,1,1,23333
4,2,1,4,2025-07-31T08:46:50.293516Z,2025-07-31T10:23:45.245836Z,19,0.983216223936021,0.287701441899915,0.698582979105305,0.000277677434496582,FashionMNIST_seed2_prop0.01,linear_AUM_0.01,same_other_sizes_cv,unbalanced,other,23333,2,1,23333
4,2,1,6,2025-07-31T08:47:18.749457Z,2025-07-31T10:14:20.780468Z,42,0.981747733398679,0.80971797485559,0.659404311731603,0.00111251813359559,FashionMNIST_seed2_prop0.01,linear_AUM_0.01,same_other_sizes_cv,unbalanced,other,23333,3,1,23333
4,2,1,7,2025-07-31T08:48:12.203874Z,2025-07-31T10:20:29.659066Z,78,0.983505425185166,0.931619537275064,0.6506981481376,0.000793621758930385,FashionMNIST_seed2_prop0.01,linear_AUM_0.01,same_other_sizes_cv,balanced,same,23333,1,1,23333
4,2,1,9,2025-07-31T08:56:08.336903Z,2025-07-31T11:47:33.962211Z,32,0.984020195478486,0.783976006855184,0.674275194925652,0.000347202294506133,FashionMNIST_seed2_prop0.01,linear_AUM_0.01,same_other_sizes_cv,balanced,same,23333,2,1,23333
4,2,1,11,2025-07-31T08:58:21.301026Z,2025-07-31T11:43:16.644766Z,48,0.986992841780699,0.901629502572899,0.678074831609571,0.00022113420709502,FashionMNIST_seed2_prop0.01,linear_AUM_0.01,same_other_sizes_cv,balanced,same,23333,3,1,23333
4,3,1,2,2025-08-01T01:11:06.292186Z,2025-08-01T11:19:46.002495Z,84,0.991103970294201,0.0101781170483461,0.745256305376987,2.52610811912746e-06,FashionMNIST_seed2_prop0.01,conv_AUM_0.1,same_other_sizes_cv,unbalanced,other,23333,1,1,23333
4,3,1,4,2025-08-01T01:11:06.292268Z,2025-08-01T19:26:55.573730Z,40,0.990854041702369,0.0101781170483461,0.702062153284552,9.88678948488086e-06,FashionMNIST_seed2_prop0.01,conv_AUM_0.1,same_other_sizes_cv,unbalanced,other,23333,2,1,23333
4,3,1,6,2025-07-31T09:09:37.226008Z,2025-07-31T20:05:13.926935Z,161,0.98995650575839,0.00951410125722052,0.728737303909029,2.08005112654064e-05,FashionMNIST_seed2_prop0.01,conv_AUM_0.1,same_other_sizes_cv,unbalanced,other,23333,3,1,23333
4,3,1,7,2025-07-31T09:11:22.279640Z,2025-07-31T22:45:50.114510Z,169,0.991367916181128,0.515852613538989,0.687067663712182,6.21508079348132e-05,FashionMNIST_seed2_prop0.01,conv_AUM_0.1,same_other_sizes_cv,balanced,same,23333,1,1,23333
4,3,1,9,2025-08-01T01:11:06.292233Z,2025-08-01T16:27:35.750091Z,115,0.964828528609894,0.500428449014567,0.692736376210906,1.93482696886349e-06,FashionMNIST_seed2_prop0.01,conv_AUM_0.1,same_other_sizes_cv,balanced,same,23333,2,1,23333
4,3,1,11,2025-08-01T01:11:06.292346Z,2025-08-01T10:36:47.896295Z,52,0.989977007199409,0.5,0.693583460312743,1.81220402737381e-05,FashionMNIST_seed2_prop0.01,conv_AUM_0.1,same_other_sizes_cv,balanced,same,23333,3,1,23333
4,4,1,2,2025-07-31T09:24:52.691681Z,2025-07-31T10:16:44.729414Z,22,0.991433876035421,0.964037319762511,0.585869767035371,0.00122491107322276,FashionMNIST_seed2_prop0.01,linear_AUM_0.1,same_other_sizes_cv,unbalanced,other,23333,1,1,23333
4,4,1,4,2025-07-31T09:25:02.899945Z,2025-07-31T10:11:58.775242Z,3,0.961428163381894,0.481594571670908,0.730127859327772,0.00718682073056698,FashionMNIST_seed2_prop0.01,linear_AUM_0.1,same_other_sizes_cv,unbalanced,other,23333,2,1,23333
4,4,1,6,2025-07-31T09:25:53.228118Z,2025-07-31T10:13:14.010601Z,16,0.992115902964956,0.956506965681278,0.567802487986858,0.00111288041807711,FashionMNIST_seed2_prop0.01,linear_AUM_0.1,same_other_sizes_cv,unbalanced,other,23333,3,1,23333
4,4,1,7,2025-07-31T09:49:24.371152Z,2025-07-31T10:42:51.086897Z,12,0.989712862061445,0.952870608397601,0.557649648159828,0.00207484024576843,FashionMNIST_seed2_prop0.01,linear_AUM_0.1,same_other_sizes_cv,balanced,same,23333,1,1,23333
4,4,1,9,2025-07-31T09:50:41.639944Z,2025-07-31T11:04:43.736583Z,43,0.99134579984125,0.955784061696658,0.584317051261786,0.00133986491709948,FashionMNIST_seed2_prop0.01,linear_AUM_0.1,same_other_sizes_cv,balanced,same,23333,2,1,23333
4,4,1,11,2025-07-31T09:54:58.303474Z,2025-07-31T10:42:55.110359Z,130,0.991437086813636,0.961749571183533,0.57386502121994,0.00143780105281621,FashionMNIST_seed2_prop0.01,linear_AUM_0.1,same_other_sizes_cv,balanced,same,23333,3,1,23333
4,5,1,2,2025-07-31T10:10:53.817977Z,2025-07-31T18:00:31.622688Z,128,0.975682662096544,0.989821882951654,0.640938427287791,1.45828917084145e-05,FashionMNIST_seed2_prop0.01,conv_AUM_1,same_other_sizes_cv,unbalanced,other,23333,1,1,23333
4,5,1,4,2025-07-31T10:11:58.875392Z,2025-07-31T16:34:40.841467Z,3,0.9735175664096,0.0101781170483461,0.72890721036143,5.76208913116716e-06,FashionMNIST_seed2_prop0.01,conv_AUM_1,same_other_sizes_cv,unbalanced,other,23333,2,1,23333
4,5,1,6,2025-07-31T10:13:14.132181Z,2025-07-31T15:38:11.354251Z,16,0.982933104631221,0.99048589874278,0.677477457190308,3.0862761377648e-06,FashionMNIST_seed2_prop0.01,conv_AUM_1,same_other_sizes_cv,unbalanced,other,23333,3,1,23333
4,5,1,7,2025-08-01T01:11:06.292449Z,2025-08-01T15:32:47.172159Z,49,0.987555975560416,0.5,0.693473897403672,1.48424260260072e-06,FashionMNIST_seed2_prop0.01,conv_AUM_1,same_other_sizes_cv,balanced,same,23333,1,1,23333
4,5,1,9,2025-07-31T10:16:44.831776Z,2025-07-31T19:13:22.958225Z,22,0.959606296842107,0.5,0.693931420705753,4.16992997998022e-06,FashionMNIST_seed2_prop0.01,conv_AUM_1,same_other_sizes_cv,balanced,same,23333,2,1,23333
4,5,1,11,2025-07-31T10:20:29.836354Z,2025-07-31T20:15:38.985580Z,78,0.990429419604635,0.5,0.692485197001276,8.55017970025074e-06,FashionMNIST_seed2_prop0.01,conv_AUM_1,same_other_sizes_cv,balanced,same,23333,3,1,23333
4,6,1,2,2025-07-31T10:23:45.353105Z,2025-07-31T11:15:46.399435Z,19,0.950242787774922,0.986089906700594,0.0918374615806825,0.0265337098389864,FashionMNIST_seed2_prop0.01,linear_AUM_1,same_other_sizes_cv,unbalanced,other,23333,1,1,23333
4,6,1,4,2025-07-31T10:23:59.996326Z,2025-07-31T11:11:32.447370Z,25,0.991688089117398,0.951653944020356,0.178420810755392,0.0111280540004373,FashionMNIST_seed2_prop0.01,linear_AUM_1,same_other_sizes_cv,unbalanced,other,23333,2,1,23333
4,6,1,6,2025-07-31T10:24:32.679343Z,2025-07-31T11:08:43.783940Z,132,0.987000735113944,0.860006795786612,0.391452112527971,0.00793737173080444,FashionMNIST_seed2_prop0.01,linear_AUM_1,same_other_sizes_cv,unbalanced,other,23333,3,1,23333
4,6,1,7,2025-07-31T10:38:13.820599Z,2025-07-31T11:20:34.778771Z,181,0.990362503845761,0.954070265638389,0.180949029554071,0.0129635371267796,FashionMNIST_seed2_prop0.01,linear_AUM_1,same_other_sizes_cv,balanced,same,23333,1,1,23333
4,6,1,9,2025-07-31T10:42:51.198765Z,2025-07-31T11:31:30.229831Z,12,0.950257223606329,0.737874892887746,0.537916978131338,0.0207954030483961,FashionMNIST_seed2_prop0.01,linear_AUM_1,same_other_sizes_cv,balanced,same,23333,2,1,23333
4,6,1,11,2025-07-31T10:42:55.226322Z,2025-07-31T11:28:00.626827Z,130,0.990086675355778,0.939708404802744,0.189288690198107,0.00975374039262533,FashionMNIST_seed2_prop0.01,linear_AUM_1,same_other_sizes_cv,balanced,same,23333,3,1,23333
4,7,1,2,2025-08-01T01:11:06.292449Z,2025-08-02T01:52:48.516822Z,50,0.992142245072834,0.968278201865988,0.0879942957618402,0.0185118783265352,FashionMNIST_seed2_prop0.01,conv_logistic_0.01,same_other_sizes_cv,unbalanced,other,23333,1,1,23333
4,7,1,4,2025-08-01T01:11:06.292614Z,2025-08-01T18:42:54.687299Z,107,0.995318480434162,0.961662425784563,0.097024994921626,0.0141028771176934,FashionMNIST_seed2_prop0.01,conv_logistic_0.01,same_other_sizes_cv,unbalanced,other,23333,2,1,23333
4,7,1,6,2025-08-01T01:11:06.292903Z,2025-08-01T20:40:23.990024Z,124,0.99548823817692,0.961433910975195,0.0950096452755943,0.0112780844792724,FashionMNIST_seed2_prop0.01,conv_logistic_0.01,same_other_sizes_cv,unbalanced,other,23333,3,1,23333
4,7,1,7,2025-08-01T01:11:06.292614Z,2025-08-01T18:22:10.276935Z,111,0.994113764043913,0.965295629820051,0.0938250523516413,0.0174491405487061,FashionMNIST_seed2_prop0.01,conv_logistic_0.01,same_other_sizes_cv,balanced,same,23333,1,1,23333
4,7,1,9,2025-08-01T01:11:06.292716Z,2025-08-01T22:30:23.818212Z,180,0.994675630686495,0.968380462724936,0.0895253721067257,0.0167435929179192,FashionMNIST_seed2_prop0.01,conv_logistic_0.01,same_other_sizes_cv,balanced,same,23333,2,1,23333
4,7,1,11,2025-08-01T01:11:06.292998Z,2025-08-01T20:26:09.310707Z,70,0.995077804812748,0.971612349914237,0.0828454237055364,0.0138420332223177,FashionMNIST_seed2_prop0.01,conv_logistic_0.01,same_other_sizes_cv,balanced,same,23333,3,1,23333
4,8,1,2,2025-07-31T11:15:46.507811Z,2025-07-31T12:58:18.695439Z,19,0.990971151099689,0.959626802374894,0.118030441460024,0.0156883411109447,FashionMNIST_seed2_prop0.01,linear_logistic_0.01,same_other_sizes_cv,unbalanced,other,23333,1,1,23333
4,8,1,4,2025-07-31T11:18:29.100029Z,2025-07-31T12:42:11.591184Z,104,0.991162524992857,0.952162849872774,0.134346650189682,0.0223354175686836,FashionMNIST_seed2_prop0.01,linear_logistic_0.01,same_other_sizes_cv,unbalanced,other,23333,2,1,23333
4,8,1,6,2025-07-31T11:20:34.893420Z,2025-07-31T12:39:49.343903Z,181,0.992073021318301,0.95361875637105,0.128504626360932,0.0110185528174043,FashionMNIST_seed2_prop0.01,linear_logistic_0.01,same_other_sizes_cv,unbalanced,other,23333,3,1,23333
4,8,1,7,2025-07-31T11:24:39.243603Z,2025-07-31T12:43:39.997384Z,125,0.990229835177463,0.956298200514139,0.122717917954202,0.0198058243840933,FashionMNIST_seed2_prop0.01,linear_logistic_0.01,same_other_sizes_cv,balanced,same,23333,1,1,23333
4,8,1,9,2025-07-31T11:28:00.730126Z,2025-07-31T12:47:43.242597Z,130,0.99082104341837,0.959211653813196,0.117487807380933,0.0183407049626112,FashionMNIST_seed2_prop0.01,linear_logistic_0.01,same_other_sizes_cv,balanced,same,23333,2,1,23333
4,8,1,11,2025-07-31T11:31:30.331278Z,2025-07-31T13:15:02.330870Z,12,0.990957371377126,0.962435677530017,0.114935137557998,0.0173162389546633,FashionMNIST_seed2_prop0.01,linear_logistic_0.01,same_other_sizes_cv,balanced,same,23333,3,1,23333
4,9,1,2,2025-07-31T11:41:18.103863Z,2025-07-31T21:06:53.205061Z,127,0.996572407883461,0.970313825275657,0.0827055486385633,0.0141862202435732,FashionMNIST_seed2_prop0.01,conv_logistic_0.1,same_other_sizes_cv,unbalanced,other,23333,1,1,23333
4,9,1,4,2025-07-31T11:42:46.648372Z,2025-07-31T19:55:49.820528Z,190,0.997117966295347,0.976759966072943,0.0612260166984136,0.0128873214125633,FashionMNIST_seed2_prop0.01,conv_logistic_0.1,same_other_sizes_cv,unbalanced,other,23333,2,1,23333
4,9,1,6,2025-08-01T01:11:06.292994Z,2025-08-01T17:09:15.034260Z,54,0.997858980642003,0.964492014950731,0.091618241455616,0.00446466449648142,FashionMNIST_seed2_prop0.01,conv_logistic_0.1,same_other_sizes_cv,unbalanced,other,23333,3,1,23333
4,9,1,7,2025-08-01T01:11:06.293231Z,2025-08-01T12:57:26.053042Z,88,0.996619797942417,0.970351328191945,0.0755296438315302,0.015258570201695,FashionMNIST_seed2_prop0.01,conv_logistic_0.1,same_other_sizes_cv,balanced,same,23333,1,1,23333
4,9,1,9,2025-08-01T01:11:06.293259Z,2025-08-01T16:35:32.958622Z,120,0.997122467396389,0.974978577549272,0.0676887238296682,0.0121818827465177,FashionMNIST_seed2_prop0.01,conv_logistic_0.1,same_other_sizes_cv,balanced,same,23333,2,1,23333
4,9,1,11,2025-07-31T11:50:00.375548Z,2025-07-31T22:10:04.089724Z,170,0.996940074553752,0.976415094339623,0.0661617091657346,0.0119297951459885,FashionMNIST_seed2_prop0.01,conv_logistic_0.1,same_other_sizes_cv,balanced,same,23333,3,1,23333
4,10,1,2,2025-07-31T11:56:27.257815Z,2025-07-31T13:20:32.225552Z,133,0.991473864610111,0.963189143341815,0.100902369993169,0.0198642425239086,FashionMNIST_seed2_prop0.01,linear_logistic_0.1,same_other_sizes_cv,unbalanced,other,23333,1,1,23333
4,10,1,4,2025-07-31T11:59:04.796768Z,2025-07-31T13:02:28.108197Z,7,0.99201942302199,0.956403731976251,0.122062485381335,0.0238756313920021,FashionMNIST_seed2_prop0.01,linear_logistic_0.1,same_other_sizes_cv,unbalanced,other,23333,2,1,23333
4,10,1,6,2025-07-31T12:03:59.821749Z,2025-07-31T13:14:49.594852Z,142,0.992753001715268,0.957356439007815,0.113755579312503,0.0084639061242342,FashionMNIST_seed2_prop0.01,linear_logistic_0.1,same_other_sizes_cv,unbalanced,other,23333,3,1,23333
4,10,1,7,2025-07-31T12:11:21.279145Z,2025-07-31T13:25:47.552540Z,168,0.991292829298129,0.958097686375321,0.113597810926179,0.0206353534013033,FashionMNIST_seed2_prop0.01,linear_logistic_0.1,same_other_sizes_cv,balanced,same,23333,1,1,23333
4,10,1,9,2025-07-31T12:18:17.816742Z,2025-07-31T14:26:17.133872Z,103,0.992426431228977,0.962296486718081,0.104342144257667,0.0187082607299089,FashionMNIST_seed2_prop0.01,linear_logistic_0.1,same_other_sizes_cv,balanced,same,23333,2,1,23333
4,10,1,11,2025-07-31T12:21:15.251154Z,2025-07-31T13:31:28.179376Z,33,0.992344235912313,0.965951972555746,0.102714106589104,0.0168558470904827,FashionMNIST_seed2_prop0.01,linear_logistic_0.1,same_other_sizes_cv,balanced,same,23333,3,1,23333
4,11,1,2,2025-07-31T12:27:01.757485Z,2025-07-31T20:34:31.688951Z,140,0.996483861753783,0.973197625106022,0.0768402627220944,0.0151203786954284,FashionMNIST_seed2_prop0.01,conv_logistic_1,same_other_sizes_cv,unbalanced,other,23333,1,1,23333
4,11,1,4,2025-07-31T12:33:19.393982Z,2025-07-31T20:36:57.918615Z,73,0.996800914024561,0.976251060220526,0.059087344554618,0.0135640418156981,FashionMNIST_seed2_prop0.01,conv_logistic_1,same_other_sizes_cv,unbalanced,other,23333,2,1,23333
4,11,1,6,2025-07-31T12:34:35.298645Z,2025-07-31T22:14:10.002628Z,151,0.998594094584657,0.966190961603806,0.0975927136808792,0.00175137864425778,FashionMNIST_seed2_prop0.01,conv_logistic_1,same_other_sizes_cv,unbalanced,other,23333,3,1,23333
4,11,1,7,2025-07-31T12:38:53.936308Z,2025-07-31T18:46:56.124208Z,129,0.996239752285245,0.969922879177378,0.082394071666738,0.0160649064928293,FashionMNIST_seed2_prop0.01,conv_logistic_1,same_other_sizes_cv,balanced,same,23333,1,1,23333
4,11,1,9,2025-07-31T12:39:49.442818Z,2025-07-31T19:23:31.422297Z,181,0.991432121120003,0.952956298200514,0.114926590008088,0.0203179996460676,FashionMNIST_seed2_prop0.01,conv_logistic_1,same_other_sizes_cv,balanced,same,23333,2,1,23333
4,11,1,11,2025-07-31T12:41:09.371214Z,2025-07-31T22:52:03.722791Z,182,0.997802723830427,0.978816466552315,0.0803480893853608,0.00957605801522732,FashionMNIST_seed2_prop0.01,conv_logistic_1,same_other_sizes_cv,balanced,same,23333,3,1,23333
4,12,1,2,2025-07-31T12:42:11.692436Z,2025-07-31T13:28:32.639323Z,104,0.990796915167092,0.962001696352841,0.125926226105311,0.0261283777654171,FashionMNIST_seed2_prop0.01,linear_logistic_1,same_other_sizes_cv,unbalanced,other,23333,1,1,23333
4,12,1,4,2025-07-31T12:43:40.081115Z,2025-07-31T13:29:28.813457Z,125,0.991705227077978,0.95657336726039,0.15783864643243,0.0297426152974367,FashionMNIST_seed2_prop0.01,linear_logistic_1,same_other_sizes_cv,unbalanced,other,23333,2,1,23333
4,12,1,6,2025-07-31T12:46:51.313125Z,2025-07-31T14:00:01.126955Z,141,0.992854079882379,0.977234114848794,0.0658910730402442,0.0173139870166779,FashionMNIST_seed2_prop0.01,linear_logistic_1,same_other_sizes_cv,unbalanced,other,23333,3,1,23333
4,12,1,7,2025-07-31T12:47:43.339681Z,2025-07-31T13:39:18.664890Z,130,0.990609807407212,0.949700085689803,0.139416592198297,0.0228355340659618,FashionMNIST_seed2_prop0.01,linear_logistic_1,same_other_sizes_cv,balanced,same,23333,1,1,23333
4,12,1,9,2025-07-31T12:58:18.819767Z,2025-07-31T13:59:17.459477Z,19,0.992172108005865,0.955526992287918,0.124806536264871,0.0192929282784462,FashionMNIST_seed2_prop0.01,linear_logistic_1,same_other_sizes_cv,balanced,same,23333,2,1,23333
4,12,1,11,2025-07-31T13:02:28.195468Z,2025-07-31T13:40:10.068986Z,7,0.991472318904113,0.947427101200686,0.14256977786131,0.0199006199836731,FashionMNIST_seed2_prop0.01,linear_logistic_1,same_other_sizes_cv,balanced,same,23333,3,1,23333
5,1,1,1,2025-07-31T13:03:18.643210Z,2025-07-31T18:00:29.198068Z,150,0.91891083891203,0.844571813890762,0.685199895028549,0.000649515714030713,MNIST_seed1_prop0.01,conv_AUM_0.01,same_other_sizes_cv,balanced,other,11980,1,1,11980
5,1,1,3,2025-07-31T13:14:49.692554Z,2025-07-31T17:26:22.926441Z,142,0.934598221522029,0.5,0.687614843147347,0.000468256475869566,MNIST_seed1_prop0.01,conv_AUM_0.01,same_other_sizes_cv,balanced,other,11980,2,1,11980
5,1,1,5,2025-08-01T01:11:06.293238Z,2025-08-01T09:51:06.024600Z,85,0.954749946099969,0.5,0.686200411277099,0.000501596136018634,MNIST_seed1_prop0.01,conv_AUM_0.01,same_other_sizes_cv,balanced,other,11980,3,1,11980
5,1,1,8,2025-07-31T13:20:32.323937Z,2025-07-31T19:52:44.742569Z,133,0.944690094292694,0.989821458368096,0.658658699133494,0.000466380210127682,MNIST_seed1_prop0.01,conv_AUM_0.01,same_other_sizes_cv,unbalanced,same,11980,1,1,11980
5,1,1,10,2025-07-31T13:22:02.252015Z,2025-07-31T20:31:29.459131Z,5,0.945978755690438,0.989984977466199,0.630050429220793,0.000568364514037967,MNIST_seed1_prop0.01,conv_AUM_0.01,same_other_sizes_cv,unbalanced,same,11980,2,1,11980
5,1,1,12,2025-07-31T13:25:47.669350Z,2025-07-31T19:09:51.813568Z,168,0.910787205081667,0.0100233879051119,0.720878313930779,0.000735652749426663,MNIST_seed1_prop0.01,conv_AUM_0.01,same_other_sizes_cv,unbalanced,same,11980,3,1,11980
5,2,1,1,2025-07-31T13:28:32.743807Z,2025-07-31T14:01:38.372646Z,104,0.881006870288534,0.794925826028321,0.661423400980084,0.0044984295964241,MNIST_seed1_prop0.01,linear_AUM_0.01,same_other_sizes_cv,balanced,other,11980,1,1,11980
5,2,1,3,2025-07-31T13:29:28.909251Z,2025-07-31T14:00:41.093767Z,125,0.876613270619282,0.780775716694772,0.66332112238741,0.00438895123079419,MNIST_seed1_prop0.01,linear_AUM_0.01,same_other_sizes_cv,balanced,other,11980,2,1,11980
5,2,1,5,2025-07-31T13:31:28.283339Z,2025-07-31T14:02:22.815921Z,33,0.883226489566009,0.804604486422668,0.662467964160333,0.00421952456235886,MNIST_seed1_prop0.01,linear_AUM_0.01,same_other_sizes_cv,balanced,other,11980,3,1,11980
5,2,1,8,2025-07-31T13:33:01.875283Z,2025-07-31T14:17:51.945416Z,137,0.81221051700695,0.79259135658268,0.671947428992569,0.00476549658924341,MNIST_seed1_prop0.01,linear_AUM_0.01,same_other_sizes_cv,unbalanced,same,11980,1,1,11980
5,2,1,10,2025-07-31T13:39:18.771337Z,2025-07-31T14:10:14.513190Z,130,0.860459169336256,0.651143381739276,0.679419565717797,0.00545878568664193,MNIST_seed1_prop0.01,linear_AUM_0.01,same_other_sizes_cv,unbalanced,same,11980,2,1,11980
5,2,1,12,2025-07-31T13:40:10.159601Z,2025-07-31T14:09:00.116213Z,7,0.891328121364417,0.526227865018376,0.69201519814122,0.00390156218782067,MNIST_seed1_prop0.01,linear_AUM_0.01,same_other_sizes_cv,unbalanced,same,11980,3,1,11980
5,3,1,1,2025-07-31T13:53:11.222688Z,2025-07-31T17:05:21.690422Z,18,0.946863537488707,0.5,0.685312623645325,0.000556586717721075,MNIST_seed1_prop0.01,conv_AUM_0.1,same_other_sizes_cv,balanced,other,11980,1,1,11980
5,3,1,3,2025-07-31T13:56:03.990965Z,2025-07-31T20:22:18.214447Z,143,0.938529698648368,0.500252951096122,0.684817496411561,0.000548660871572793,MNIST_seed1_prop0.01,conv_AUM_0.1,same_other_sizes_cv,balanced,other,11980,2,1,11980
5,3,1,5,2025-07-31T13:57:00.193487Z,2025-07-31T19:15:52.062982Z,97,0.954384216716841,0.77820880418283,0.684194146132777,0.000438816321548075,MNIST_seed1_prop0.01,conv_AUM_0.1,same_other_sizes_cv,balanced,other,11980,3,1,11980
5,3,1,8,2025-07-31T13:59:17.550646Z,2025-07-31T19:03:42.956323Z,19,0.93745094679593,0.0101785416319039,0.749017781970131,0.00032699599978514,MNIST_seed1_prop0.01,conv_AUM_0.1,same_other_sizes_cv,unbalanced,same,11980,1,1,11980
5,3,1,10,2025-07-31T14:00:01.263136Z,2025-07-31T19:11:16.042141Z,141,0.952337998089138,0.70822901018194,0.688706156199234,0.000494386767968535,MNIST_seed1_prop0.01,conv_AUM_0.1,same_other_sizes_cv,unbalanced,same,11980,2,1,11980
5,3,1,12,2025-07-31T14:00:41.176977Z,2025-07-31T17:09:22.133831Z,125,0.935085974219372,0.990310725025059,0.64766421541658,0.000525461218785495,MNIST_seed1_prop0.01,conv_AUM_0.1,same_other_sizes_cv,unbalanced,same,11980,3,1,11980
5,4,1,1,2025-07-31T14:01:38.476473Z,2025-07-31T14:34:36.106672Z,104,0.891824940355724,0.802258934592043,0.655211549183844,0.00479317829012871,MNIST_seed1_prop0.01,linear_AUM_0.1,same_other_sizes_cv,balanced,other,11980,1,1,11980
5,4,1,3,2025-07-31T14:02:22.902638Z,2025-07-31T14:37:39.730315Z,33,0.889423971062053,0.697723440134907,0.64481372434613,0.00670370273292065,MNIST_seed1_prop0.01,linear_AUM_0.1,same_other_sizes_cv,balanced,other,11980,2,1,11980
5,4,1,5,2025-07-31T14:06:16.237474Z,2025-07-31T14:57:19.533004Z,114,0.900792238714141,0.80536346770113,0.644331101068788,0.00600866973400116,MNIST_seed1_prop0.01,linear_AUM_0.1,same_other_sizes_cv,balanced,other,11980,3,1,11980
5,4,1,8,2025-07-31T14:09:00.192991Z,2025-07-31T14:34:07.555503Z,7,0.888059206526428,0.501752044051393,0.693151403374807,0.00637539848685265,MNIST_seed1_prop0.01,linear_AUM_0.1,same_other_sizes_cv,unbalanced,same,11980,1,1,11980
5,4,1,10,2025-07-31T14:10:14.608305Z,2025-07-31T14:40:22.972928Z,130,0.880762097454052,0.735436488065432,0.663447332949836,0.00693083181977272,MNIST_seed1_prop0.01,linear_AUM_0.1,same_other_sizes_cv,unbalanced,same,11980,2,1,11980
5,4,1,12,2025-07-31T14:11:28.800207Z,2025-07-31T14:35:14.742260Z,4,0.874906929126531,0.643334447043101,0.673856682640888,0.00896978750824928,MNIST_seed1_prop0.01,linear_AUM_0.1,same_other_sizes_cv,unbalanced,same,11980,3,1,11980
5,5,1,1,2025-07-31T14:16:28.141411Z,2025-07-31T17:07:12.209170Z,13,0.943480341828655,0.5,0.691939607261215,7.21982796676457e-05,MNIST_seed1_prop0.01,conv_AUM_1,same_other_sizes_cv,balanced,other,11980,1,1,11980
5,5,1,3,2025-07-31T14:17:52.021613Z,2025-07-31T16:58:35.508373Z,137,0.957769949580405,0.5,0.690280503135603,0.000156734633492306,MNIST_seed1_prop0.01,conv_AUM_1,same_other_sizes_cv,balanced,other,11980,2,1,11980
5,5,1,5,2025-07-31T14:26:17.272183Z,2025-07-31T18:39:41.882454Z,103,0.962365304327441,0.5,0.692536035112322,0.000113423258881085,MNIST_seed1_prop0.01,conv_AUM_1,same_other_sizes_cv,balanced,other,11980,3,1,11980
5,5,1,8,2025-07-31T14:28:33.199451Z,2025-07-31T17:21:14.543201Z,2,0.900386069442753,0.0101785416319039,0.751582835658923,9.68346939771436e-05,MNIST_seed1_prop0.01,conv_AUM_1,same_other_sizes_cv,unbalanced,same,11980,1,1,11980
5,5,1,10,2025-07-31T14:31:32.323880Z,2025-07-31T17:15:58.363515Z,6,0.953667172483559,0.0106826907027207,0.701448477631372,0.000156266425619833,MNIST_seed1_prop0.01,conv_AUM_1,same_other_sizes_cv,unbalanced,same,11980,2,1,11980
5,5,1,12,2025-07-31T14:34:07.604849Z,2025-07-31T17:19:14.842799Z,7,0.906905858811483,0.00968927497494153,0.728519850910874,0.000261130015132949,MNIST_seed1_prop0.01,conv_AUM_1,same_other_sizes_cv,unbalanced,same,11980,3,1,11980
5,6,1,1,2025-07-31T14:34:36.236784Z,2025-07-31T15:06:21.268853Z,104,0.899244426266853,0.808833445718139,0.488431831894204,0.0317688807845116,MNIST_seed1_prop0.01,linear_AUM_1,same_other_sizes_cv,balanced,other,11980,1,1,11980
5,6,1,3,2025-07-31T14:35:14.790185Z,2025-07-31T14:59:18.191283Z,4,0.911657803662174,0.762816188870152,0.462825024133906,0.0424909591674805,MNIST_seed1_prop0.01,linear_AUM_1,same_other_sizes_cv,balanced,other,11980,2,1,11980
5,6,1,5,2025-07-31T14:37:39.802767Z,2025-07-31T15:12:08.974808Z,33,0.916781509741931,0.7841119919042,0.482671079717211,0.0295650660991669,MNIST_seed1_prop0.01,linear_AUM_1,same_other_sizes_cv,balanced,other,11980,3,1,11980
5,6,1,8,2025-07-31T14:38:49.121642Z,2025-07-31T15:06:12.641083Z,92,0.882689607905996,0.289504421825463,1.08975131819171,0.0386823080480099,MNIST_seed1_prop0.01,linear_AUM_1,same_other_sizes_cv,unbalanced,same,11980,1,1,11980
5,6,1,10,2025-07-31T14:40:23.037543Z,2025-07-31T15:10:51.378267Z,130,0.900505816894285,0.788349190452345,0.527581217903034,0.0321249105036259,MNIST_seed1_prop0.01,linear_AUM_1,same_other_sizes_cv,unbalanced,same,11980,2,1,11980
5,6,1,12,2025-07-31T14:41:39.480193Z,2025-07-31T15:05:20.499061Z,126,0.903279003210941,0.708653524891413,0.578670173610976,0.0307950396090746,MNIST_seed1_prop0.01,linear_AUM_1,same_other_sizes_cv,unbalanced,same,11980,3,1,11980
5,7,1,1,2025-07-31T14:54:56.869959Z,2025-07-31T21:17:37.074209Z,20,0.922790587094284,0.577208361429535,1.28381691382124,0.00465494068339467,MNIST_seed1_prop0.01,conv_logistic_0.01,same_other_sizes_cv,balanced,other,11980,1,1,11980
5,7,1,3,2025-08-01T01:11:06.293251Z,2025-08-01T14:49:30.303287Z,36,0.921856083765346,0.583642495784148,1.28632746728894,0.00473507167771459,MNIST_seed1_prop0.01,conv_logistic_0.01,same_other_sizes_cv,balanced,other,11980,2,1,11980
5,7,1,5,2025-07-31T14:59:18.248863Z,2025-07-31T20:53:09.679422Z,4,0.918953868030934,0.578934052960027,1.29164472373977,0.0053443037904799,MNIST_seed1_prop0.01,conv_logistic_0.01,same_other_sizes_cv,balanced,other,11980,3,1,11980
5,7,1,8,2025-07-31T15:05:20.555257Z,2025-07-31T20:52:01.785901Z,126,0.930858472524677,0.990488903721008,0.0349117284703939,0.00461174827069044,MNIST_seed1_prop0.01,conv_logistic_0.01,same_other_sizes_cv,unbalanced,same,11980,1,1,11980
5,7,1,10,2025-07-31T15:06:12.706943Z,2025-07-31T21:02:15.115565Z,92,0.919187320856516,0.991320313804039,0.0344553507850168,0.00441220309585333,MNIST_seed1_prop0.01,conv_logistic_0.01,same_other_sizes_cv,unbalanced,same,11980,2,1,11980
5,7,1,12,2025-07-31T15:06:21.356716Z,2025-07-31T21:31:30.750977Z,104,0.900325457210666,0.991146007350484,0.0362625470199757,0.00529189826920629,MNIST_seed1_prop0.01,conv_logistic_0.01,same_other_sizes_cv,unbalanced,same,11980,3,1,11980
5,8,1,1,2025-07-31T15:09:54.238406Z,2025-07-31T15:59:13.934709Z,135,0.839975442063321,0.537002697235334,1.5634212862907,0.0078463377431035,MNIST_seed1_prop0.01,linear_logistic_0.01,same_other_sizes_cv,balanced,other,11980,1,1,11980
5,8,1,3,2025-07-31T15:10:51.440823Z,2025-07-31T16:03:05.614060Z,130,0.833289231591729,0.546290050590219,1.57280839007,0.00826727785170078,MNIST_seed1_prop0.01,linear_logistic_0.01,same_other_sizes_cv,balanced,other,11980,2,1,11980
5,8,1,5,2025-07-31T15:12:09.040157Z,2025-07-31T16:14:04.763948Z,33,0.842506925645494,0.54351492663181,1.55331620538593,0.00862566847354174,MNIST_seed1_prop0.01,linear_logistic_0.01,same_other_sizes_cv,balanced,other,11980,3,1,11980
5,8,1,8,2025-07-31T15:13:43.891962Z,2025-07-31T16:20:11.255371Z,147,0.867029890673539,0.990155181044552,0.0418681996846485,0.00768675003200769,MNIST_seed1_prop0.01,linear_logistic_0.01,same_other_sizes_cv,unbalanced,same,11980,1,1,11980
5,8,1,10,2025-07-31T15:23:58.891513Z,2025-07-31T16:23:06.194254Z,184,0.833094475355476,0.990986479719579,0.0438609959883433,0.00829876214265823,MNIST_seed1_prop0.01,linear_logistic_0.01,same_other_sizes_cv,unbalanced,same,11980,2,1,11980
5,8,1,12,2025-07-31T15:27:54.784861Z,2025-07-31T16:23:36.051600Z,24,0.827331716226911,0.990477781490144,0.0444633324308189,0.00859626475721598,MNIST_seed1_prop0.01,linear_logistic_0.01,same_other_sizes_cv,unbalanced,same,11980,3,1,11980
5,9,1,1,2025-07-31T15:31:40.828983Z,2025-07-31T22:13:54.002798Z,28,0.986785743597135,0.811952124072825,0.774931602861408,0.00273931259289384,MNIST_seed1_prop0.01,conv_logistic_0.1,same_other_sizes_cv,balanced,other,11980,1,1,11980
5,9,1,3,2025-07-31T15:34:16.064897Z,2025-07-31T21:40:29.992412Z,136,0.984279167579035,0.771838111298482,0.677143368631064,0.00288709462620318,MNIST_seed1_prop0.01,conv_logistic_0.1,same_other_sizes_cv,balanced,other,11980,2,1,11980
5,9,1,5,2025-07-31T15:35:01.717417Z,2025-07-31T22:11:45.403178Z,108,0.982586726991841,0.768763703828639,0.665579815255467,0.00376796117052436,MNIST_seed1_prop0.01,conv_logistic_0.1,same_other_sizes_cv,balanced,other,11980,3,1,11980
5,9,1,8,2025-07-31T15:38:11.482795Z,2025-07-31T21:17:21.237223Z,16,0.984904049169271,0.994660437176706,0.0197684956053878,0.00242805969901383,MNIST_seed1_prop0.01,conv_logistic_0.1,same_other_sizes_cv,unbalanced,same,11980,1,1,11980
5,9,1,10,2025-07-31T15:48:09.602637Z,2025-07-31T20:22:20.556838Z,96,0.991156634631595,0.9949924887331,0.0170037485181782,0.00314481323584914,MNIST_seed1_prop0.01,conv_logistic_0.1,same_other_sizes_cv,unbalanced,same,11980,2,1,11980
5,9,1,12,2025-07-31T15:48:16.920918Z,2025-07-31T20:02:19.301045Z,30,0.960350353669316,0.994153023722018,0.0219996268904356,0.00364349619485438,MNIST_seed1_prop0.01,conv_logistic_0.1,same_other_sizes_cv,unbalanced,same,11980,3,1,11980
5,10,1,1,2025-07-31T15:49:43.377553Z,2025-07-31T16:42:36.530863Z,100,0.908035861248794,0.608816587997303,1.30558688665187,0.00687892455607653,MNIST_seed1_prop0.01,linear_logistic_0.1,same_other_sizes_cv,balanced,other,11980,1,1,11980
5,10,1,3,2025-07-31T15:59:14.031055Z,2025-07-31T16:49:16.919567Z,135,0.898669511359339,0.617453625632378,1.33889752018556,0.00667774537578225,MNIST_seed1_prop0.01,linear_logistic_0.1,same_other_sizes_cv,balanced,other,11980,2,1,11980
5,10,1,5,2025-07-31T16:03:05.735188Z,2025-07-31T16:56:24.585475Z,130,0.912907733928339,0.614437510541407,1.27300504266131,0.00777264032512903,MNIST_seed1_prop0.01,linear_logistic_0.1,same_other_sizes_cv,balanced,other,11980,3,1,11980
5,10,1,8,2025-07-31T16:06:20.796106Z,2025-07-31T17:04:11.151474Z,172,0.920978742690384,0.990989487735692,0.0359384675264733,0.00658000679686666,MNIST_seed1_prop0.01,linear_logistic_0.1,same_other_sizes_cv,unbalanced,same,11980,1,1,11980
5,10,1,10,2025-07-31T16:10:55.544214Z,2025-07-31T17:51:13.351502Z,112,0.885247007250041,0.991153396761809,0.0373617023721194,0.0066405632533133,MNIST_seed1_prop0.01,linear_logistic_0.1,same_other_sizes_cv,unbalanced,same,11980,2,1,11980
5,10,1,12,2025-07-31T16:14:04.882530Z,2025-07-31T17:08:03.927282Z,33,0.897821269021357,0.991814233210825,0.0368033802400181,0.00708699552342296,MNIST_seed1_prop0.01,linear_logistic_0.1,same_other_sizes_cv,unbalanced,same,11980,3,1,11980
5,11,1,1,2025-08-01T01:11:06.293321Z,2025-08-01T08:49:46.996873Z,37,0.987081989906738,0.830074173971679,0.883667429434149,0.00199929461814463,MNIST_seed1_prop0.01,conv_logistic_1,same_other_sizes_cv,balanced,other,11980,1,1,11980
5,11,1,3,2025-07-31T16:20:11.371048Z,2025-07-31T19:53:36.457448Z,147,0.9853344812583,0.717706576728499,0.979694464895222,0.00125773344188929,MNIST_seed1_prop0.01,conv_logistic_1,same_other_sizes_cv,balanced,other,11980,2,1,11980
5,11,1,5,2025-07-31T16:23:06.294634Z,2025-07-31T19:41:03.623093Z,184,0.97422093582174,0.746331590487435,0.659742670919784,0.00791740044951439,MNIST_seed1_prop0.01,conv_logistic_1,same_other_sizes_cv,balanced,other,11980,3,1,11980
5,11,1,8,2025-07-31T16:23:36.143924Z,2025-07-31T19:46:31.559295Z,24,0.982122525231314,0.994660437176706,0.0252638471462982,0.00220711505971849,MNIST_seed1_prop0.01,conv_logistic_1,same_other_sizes_cv,unbalanced,same,11980,1,1,11980
5,11,1,10,2025-07-31T16:34:40.949863Z,2025-07-31T21:07:57.417450Z,3,0.986406170966113,0.99365715239526,0.0200936411634112,0.00769934570416808,MNIST_seed1_prop0.01,conv_logistic_1,same_other_sizes_cv,unbalanced,same,11980,2,1,11980
5,11,1,12,2025-08-01T01:11:06.293495Z,2025-08-01T07:15:53.072251Z,196,0.967480455116574,0.994821249582359,0.0197747987679259,0.00287559139542282,MNIST_seed1_prop0.01,conv_logistic_1,same_other_sizes_cv,unbalanced,same,11980,3,1,11980
5,12,1,1,2025-07-31T16:35:42.222725Z,2025-07-31T17:38:48.386086Z,66,0.919113361750093,0.618088334457181,1.29013500192831,0.00681897578760982,MNIST_seed1_prop0.01,linear_logistic_1,same_other_sizes_cv,balanced,other,11980,1,1,11980
5,12,1,3,2025-07-31T16:37:20.917675Z,2025-07-31T17:11:56.760955Z,144,0.897651848860654,0.618296795952782,1.34321886877079,0.006752984598279,MNIST_seed1_prop0.01,linear_logistic_1,same_other_sizes_cv,balanced,other,11980,2,1,11980
5,12,1,5,2025-07-31T16:39:08.579793Z,2025-07-31T17:29:44.151915Z,70,0.918238794760317,0.618232416933716,1.25632322200228,0.0075799785554409,MNIST_seed1_prop0.01,linear_logistic_1,same_other_sizes_cv,balanced,other,11980,3,1,11980
5,12,1,8,2025-07-31T16:41:42.017810Z,2025-07-31T17:16:53.131569Z,23,0.919366204967774,0.990989487735692,0.0362046396379275,0.00672003580257297,MNIST_seed1_prop0.01,linear_logistic_1,same_other_sizes_cv,unbalanced,same,11980,1,1,11980
5,12,1,10,2025-07-31T16:42:36.669937Z,2025-07-31T17:15:03.035323Z,100,0.887652447591753,0.990986479719579,0.0369150141538726,0.00648123817518354,MNIST_seed1_prop0.01,linear_logistic_1,same_other_sizes_cv,unbalanced,same,11980,2,1,11980
5,12,1,12,2025-07-31T16:49:17.017582Z,2025-07-31T17:20:17.381430Z,135,0.902386104518592,0.99198128967591,0.0393279309908216,0.00691685592755675,MNIST_seed1_prop0.01,linear_logistic_1,same_other_sizes_cv,unbalanced,same,11980,3,1,11980
6,1,1,1,2025-07-31T16:53:09.095364Z,2025-07-31T20:57:53.169691Z,14,0.929519793101316,0.502022926500337,0.68541395028929,0.000595364952459931,MNIST_seed2_prop0.01,conv_AUM_0.01,same_other_sizes_cv,balanced,other,11980,1,1,11980
6,1,1,3,2025-07-31T16:56:24.689690Z,2025-07-31T21:46:30.663589Z,130,0.924715355368564,0.5,0.687730745068922,0.000484070624224842,MNIST_seed2_prop0.01,conv_AUM_0.01,same_other_sizes_cv,balanced,other,11980,2,1,11980
6,1,1,5,2025-08-01T01:11:06.293590Z,2025-08-01T13:40:50.428711Z,66,0.920589672455364,0.5,0.687027543667189,0.000578655162826181,MNIST_seed2_prop0.01,conv_AUM_0.01,same_other_sizes_cv,balanced,other,11980,3,1,11980
6,1,1,8,2025-07-31T16:58:35.571608Z,2025-07-31T20:28:01.213294Z,137,0.925971115262595,0.104455197730686,0.702150968437519,0.000553284771740437,MNIST_seed2_prop0.01,conv_AUM_0.01,same_other_sizes_cv,unbalanced,same,11980,1,1,11980
6,1,1,10,2025-07-31T17:04:11.243288Z,2025-07-31T22:39:01.956043Z,172,0.949179452593717,0.0100150225338007,0.739310027631568,0.00040849726065062,MNIST_seed2_prop0.01,conv_AUM_0.01,same_other_sizes_cv,unbalanced,same,11980,2,1,11980
6,1,1,12,2025-08-01T01:11:06.293564Z,2025-08-01T08:51:57.955860Z,198,0.943194774070458,0.372702973605079,0.696389610469743,0.00062302645528689,MNIST_seed2_prop0.01,conv_AUM_0.01,same_other_sizes_cv,unbalanced,same,11980,3,1,11980
6,2,1,1,2025-07-31T17:07:12.274595Z,2025-07-31T17:32:30.723895Z,13,0.879085738049888,0.688385030343898,0.665664276102336,0.00394344329833984,MNIST_seed2_prop0.01,linear_AUM_0.01,same_other_sizes_cv,balanced,other,11980,1,1,11980
6,2,1,3,2025-07-31T17:08:04.023331Z,2025-07-31T17:42:54.486485Z,33,0.881496648646804,0.787605396290051,0.661973058848502,0.00425024423748255,MNIST_seed2_prop0.01,linear_AUM_0.01,same_other_sizes_cv,balanced,other,11980,2,1,11980
6,2,1,5,2025-07-31T17:09:22.364705Z,2025-07-31T17:38:14.205192Z,125,0.884814602526137,0.737308146399056,0.659400453280563,0.00474364729598165,MNIST_seed2_prop0.01,linear_AUM_0.01,same_other_sizes_cv,balanced,other,11980,3,1,11980
6,2,1,8,2025-07-31T17:11:56.858374Z,2025-07-31T17:45:11.423142Z,144,0.870679172700443,0.721341565159353,0.673108189246139,0.00419026706367731,MNIST_seed2_prop0.01,linear_AUM_0.01,same_other_sizes_cv,unbalanced,same,11980,1,1,11980
6,2,1,10,2025-07-31T17:15:03.133521Z,2025-07-31T17:46:11.625250Z,100,0.883471027932334,0.436988816558171,0.701496164004216,0.00645917607471347,MNIST_seed2_prop0.01,linear_AUM_0.01,same_other_sizes_cv,unbalanced,same,11980,2,1,11980
6,2,1,12,2025-07-31T17:15:58.423191Z,2025-07-31T17:45:37.871477Z,6,0.878738831495184,0.671232876712329,0.678730094163912,0.00378157710656524,MNIST_seed2_prop0.01,linear_AUM_0.01,same_other_sizes_cv,unbalanced,same,11980,3,1,11980
6,3,1,1,2025-07-31T17:16:53.241677Z,2025-07-31T20:58:13.086582Z,23,0.926615658515093,0.656018206338503,0.685066186079048,0.000643098668660969,MNIST_seed2_prop0.01,conv_AUM_0.1,same_other_sizes_cv,balanced,other,11980,1,1,11980
6,3,1,3,2025-07-31T17:17:30.483496Z,2025-07-31T20:47:37.917511Z,76,0.94908478340618,0.5,0.686812245174035,0.000473297550342977,MNIST_seed2_prop0.01,conv_AUM_0.1,same_other_sizes_cv,balanced,other,11980,2,1,11980
6,3,1,5,2025-07-31T17:19:02.493325Z,2025-07-31T21:06:13.832366Z,1,0.950921699775562,0.500252993759487,0.683048388869148,0.000561558175832033,MNIST_seed2_prop0.01,conv_AUM_0.1,same_other_sizes_cv,balanced,other,11980,3,1,11980
6,3,1,8,2025-07-31T17:19:14.903493Z,2025-07-31T20:03:14.511261Z,7,0.914738622420216,0.0145169364258301,0.716680696866997,0.000558133469894528,MNIST_seed2_prop0.01,conv_AUM_0.1,same_other_sizes_cv,unbalanced,same,11980,1,1,11980
6,3,1,10,2025-07-31T17:20:17.465024Z,2025-07-31T20:30:41.105988Z,135,0.956731579834764,0.0100150225338007,0.755224327993725,0.000253379839705303,MNIST_seed2_prop0.01,conv_AUM_0.1,same_other_sizes_cv,unbalanced,same,11980,2,1,11980
6,3,1,12,2025-07-31T17:20:30.595056Z,2025-07-31T21:32:02.056032Z,192,0.956658057610874,0.00968927497494153,0.728595004292168,0.000377120275516063,MNIST_seed2_prop0.01,conv_AUM_0.1,same_other_sizes_cv,unbalanced,same,11980,3,1,11980
6,4,1,1,2025-07-31T17:21:14.603356Z,2025-07-31T17:45:30.227967Z,2,0.913222352769463,0.616655428186109,0.649050614436553,0.00467887055128813,MNIST_seed2_prop0.01,linear_AUM_0.1,same_other_sizes_cv,balanced,other,11980,1,1,11980
6,4,1,3,2025-07-31T17:26:23.035462Z,2025-07-31T17:52:02.612649Z,142,0.909779069469841,0.78397976391231,0.640430710346034,0.00534121599048376,MNIST_seed2_prop0.01,linear_AUM_0.1,same_other_sizes_cv,balanced,other,11980,2,1,11980
6,4,1,5,2025-07-31T17:28:58.935426Z,2025-07-31T18:07:25.743728Z,9,0.889779379257687,0.796930342384888,0.635808390101701,0.00755369709804654,MNIST_seed2_prop0.01,linear_AUM_0.1,same_other_sizes_cv,balanced,other,11980,3,1,11980
6,4,1,8,2025-07-31T17:29:44.248172Z,2025-07-31T18:09:41.459473Z,70,0.887915501365196,0.442849991656933,0.709074648407659,0.00939323753118515,MNIST_seed2_prop0.01,linear_AUM_0.1,same_other_sizes_cv,unbalanced,same,11980,1,1,11980
6,4,1,10,2025-07-31T17:32:30.822755Z,2025-07-31T17:57:10.167787Z,13,0.887573764963751,0.842430312134869,0.641939415517624,0.00769619178026915,MNIST_seed2_prop0.01,linear_AUM_0.1,same_other_sizes_cv,unbalanced,same,11980,2,1,11980
6,4,1,12,2025-07-31T17:38:14.316975Z,2025-07-31T18:05:49.298270Z,125,0.929071269021357,0.521717340461076,0.694850042402242,0.00461942283436656,MNIST_seed2_prop0.01,linear_AUM_0.1,same_other_sizes_cv,unbalanced,same,11980,3,1,11980
6,5,1,1,2025-07-31T17:38:32.988119Z,2025-07-31T22:18:42.433827Z,10,0.959979509286865,0.5,0.692339173052965,0.000112488392915111,MNIST_seed2_prop0.01,conv_AUM_1,same_other_sizes_cv,balanced,other,11980,1,1,11980
6,5,1,3,2025-07-31T17:38:48.580467Z,2025-07-31T22:32:34.633074Z,66,0.967213258106805,0.899578414839798,0.68565893160774,0.000249956006882712,MNIST_seed2_prop0.01,conv_AUM_1,same_other_sizes_cv,balanced,other,11980,2,1,11980
6,5,1,5,2025-07-31T17:42:54.579009Z,2025-07-31T20:58:57.336903Z,33,0.969052350264661,0.508180131556755,0.684673873743381,0.000284314039163291,MNIST_seed2_prop0.01,conv_AUM_1,same_other_sizes_cv,balanced,other,11980,3,1,11980
6,5,1,8,2025-07-31T17:45:11.505101Z,2025-07-31T21:04:44.524123Z,144,0.964781181256423,0.0323710996162189,0.70636230783627,0.000391916837543249,MNIST_seed2_prop0.01,conv_AUM_1,same_other_sizes_cv,unbalanced,same,11980,1,1,11980
6,5,1,10,2025-07-31T17:45:30.279409Z,2025-07-31T20:30:10.975902Z,2,0.960776709942115,0.0100150225338007,0.744263355911625,0.000137071110657416,MNIST_seed2_prop0.01,conv_AUM_1,same_other_sizes_cv,unbalanced,same,11980,2,1,11980
6,5,1,12,2025-07-31T17:45:37.953078Z,2025-07-31T20:30:41.193045Z,6,0.934937642514773,0.990310725025059,0.652929095637404,0.000188994556083344,MNIST_seed2_prop0.01,conv_AUM_1,same_other_sizes_cv,unbalanced,same,11980,3,1,11980
6,6,1,1,2025-07-31T17:46:11.696862Z,2025-07-31T18:17:30.212750Z,100,0.878754693562329,0.58487862440998,0.901328824415109,0.0254715699702501,MNIST_seed2_prop0.01,linear_AUM_1,same_other_sizes_cv,balanced,other,11980,1,1,11980
6,6,1,3,2025-07-31T17:49:52.958892Z,2025-07-31T18:29:13.531702Z,74,0.926203103094279,0.750758853288364,0.475695182372116,0.0310597456991673,MNIST_seed2_prop0.01,linear_AUM_1,same_other_sizes_cv,balanced,other,11980,2,1,11980
6,6,1,5,2025-07-31T17:51:13.476931Z,2025-07-31T18:46:29.920422Z,112,0.930385396813892,0.756788665879575,0.504259165741189,0.0345759987831116,MNIST_seed2_prop0.01,linear_AUM_1,same_other_sizes_cv,balanced,other,11980,3,1,11980
6,6,1,8,2025-07-31T17:51:36.224951Z,2025-07-31T18:36:14.124221Z,193,0.903010070415527,0.535624895711664,0.831974192476978,0.036152608692646,MNIST_seed2_prop0.01,linear_AUM_1,same_other_sizes_cv,unbalanced,same,11980,1,1,11980
6,6,1,10,2025-07-31T17:52:02.670930Z,2025-07-31T18:18:10.409357Z,142,0.901410667116284,0.607077282590553,0.670750662951711,0.0452150143682957,MNIST_seed2_prop0.01,linear_AUM_1,same_other_sizes_cv,unbalanced,same,11980,2,1,11980
6,6,1,12,2025-07-31T17:57:10.233438Z,2025-07-31T18:22:22.349701Z,13,0.888902461724605,0.63848980955563,0.638453378407709,0.0457981042563915,MNIST_seed2_prop0.01,linear_AUM_1,same_other_sizes_cv,unbalanced,same,11980,3,1,11980
6,7,1,1,2025-08-01T01:11:06.293743Z,2025-08-01T09:52:31.178848Z,90,0.907701704960103,0.575354012137559,1.36401108872107,0.00493314815685153,MNIST_seed2_prop0.01,conv_logistic_0.01,same_other_sizes_cv,balanced,other,11980,1,1,11980
6,7,1,3,2025-08-01T01:11:06.293842Z,2025-08-01T12:51:01.039646Z,10,0.909715483337078,0.539797639123103,1.37783504788108,0.00476852990686894,MNIST_seed2_prop0.01,conv_logistic_0.01,same_other_sizes_cv,balanced,other,11980,2,1,11980
6,7,1,5,2025-08-01T01:11:06.294184Z,2025-08-01T15:38:33.514005Z,125,0.928210208044305,0.587282847023107,1.27886309575216,0.00443672854453325,MNIST_seed2_prop0.01,conv_logistic_0.01,same_other_sizes_cv,balanced,other,11980,3,1,11980
6,7,1,8,2025-08-01T01:11:06.294019Z,2025-08-01T13:13:51.176257Z,73,0.924384831367519,0.990822626397464,0.0360258943972738,0.00507074641063809,MNIST_seed2_prop0.01,conv_logistic_0.01,same_other_sizes_cv,unbalanced,same,11980,1,1,11980
6,7,1,10,2025-08-01T01:11:06.294201Z,2025-08-01T11:51:38.482886Z,28,0.930781768111054,0.991153396761809,0.0324985872704411,0.00470445863902569,MNIST_seed2_prop0.01,conv_logistic_0.01,same_other_sizes_cv,unbalanced,same,11980,2,1,11980
6,7,1,12,2025-08-01T01:11:06.294138Z,2025-08-01T14:45:35.418928Z,44,0.921739029270792,0.990978950885399,0.0339221475460471,0.00544151291251183,MNIST_seed2_prop0.01,conv_logistic_0.01,same_other_sizes_cv,unbalanced,same,11980,3,1,11980
6,8,1,1,2025-07-31T18:08:58.811893Z,2025-07-31T19:49:59.862202Z,46,0.835698164838727,0.556894807821982,1.56842063825212,0.00806387141346932,MNIST_seed2_prop0.01,linear_logistic_0.01,same_other_sizes_cv,balanced,other,11980,1,1,11980
6,8,1,3,2025-07-31T18:09:41.556829Z,2025-07-31T19:10:05.837750Z,70,0.841884933555904,0.535834738617201,1.55235736094789,0.00814570859074593,MNIST_seed2_prop0.01,linear_logistic_0.01,same_other_sizes_cv,balanced,other,11980,2,1,11980
6,8,1,5,2025-07-31T18:17:30.293530Z,2025-07-31T19:12:40.838411Z,100,0.839751161215327,0.549333783100017,1.54644309675961,0.00812649447470903,MNIST_seed2_prop0.01,linear_logistic_0.01,same_other_sizes_cv,balanced,other,11980,3,1,11980
6,8,1,8,2025-07-31T18:18:10.471475Z,2025-07-31T19:04:36.585295Z,142,0.810990404916926,0.990989487735692,0.0452286709496375,0.00831282418221235,MNIST_seed2_prop0.01,linear_logistic_0.01,same_other_sizes_cv,unbalanced,same,11980,1,1,11980
6,8,1,10,2025-07-31T18:22:22.431992Z,2025-07-31T19:10:07.681388Z,13,0.85334541673692,0.990318811550659,0.0404686853824829,0.00796996615827084,MNIST_seed2_prop0.01,linear_logistic_0.01,same_other_sizes_cv,unbalanced,same,11980,2,1,11980
6,8,1,12,2025-07-31T18:24:05.044086Z,2025-07-31T20:07:24.411441Z,67,0.868674089068824,0.990978950885399,0.0410916893949411,0.00787142291665077,MNIST_seed2_prop0.01,linear_logistic_0.01,same_other_sizes_cv,unbalanced,same,11980,3,1,11980
6,9,1,1,2025-08-01T01:11:06.294442Z,2025-08-01T14:16:10.070313Z,136,0.988935216676844,0.818189480782198,0.731307753419645,0.00163237296510488,MNIST_seed2_prop0.01,conv_logistic_0.1,same_other_sizes_cv,balanced,other,11980,1,1,11980
6,9,1,3,2025-08-01T01:11:06.294498Z,2025-08-01T10:22:29.055153Z,140,0.982240302119443,0.781703204047218,0.667573921752789,0.00386357307434082,MNIST_seed2_prop0.01,conv_logistic_0.1,same_other_sizes_cv,balanced,other,11980,2,1,11980
6,9,1,5,2025-08-01T01:11:06.294571Z,2025-08-01T11:39:37.239972Z,134,0.988574117954689,0.816832518131219,0.598400938846353,0.00206088740378618,MNIST_seed2_prop0.01,conv_logistic_0.1,same_other_sizes_cv,balanced,other,11980,3,1,11980
6,9,1,8,2025-08-01T01:11:06.294631Z,2025-08-01T12:05:15.382654Z,138,0.993212694692859,0.993325546470883,0.0175411675581449,0.00229596695862711,MNIST_seed2_prop0.01,conv_logistic_0.1,same_other_sizes_cv,unbalanced,same,11980,1,1,11980
6,9,1,10,2025-08-01T01:11:06.294888Z,2025-08-01T09:49:49.837426Z,144,0.986338728713539,0.99465865464864,0.01722154708655,0.00323706609196961,MNIST_seed2_prop0.01,conv_logistic_0.1,same_other_sizes_cv,unbalanced,same,11980,2,1,11980
6,9,1,12,2025-08-01T01:11:06.294885Z,2025-08-01T13:46:26.351161Z,150,0.992254758248409,0.994821249582359,0.0181027143608395,0.0022561913356185,MNIST_seed2_prop0.01,conv_logistic_0.1,same_other_sizes_cv,unbalanced,same,11980,3,1,11980
6,10,1,1,2025-07-31T18:36:29.503619Z,2025-07-31T20:10:18.672409Z,155,0.897408335716679,0.614211058664869,1.38643386299731,0.00596465449780226,MNIST_seed2_prop0.01,linear_logistic_0.1,same_other_sizes_cv,balanced,other,11980,1,1,11980
6,10,1,3,2025-07-31T18:36:46.351051Z,2025-07-31T19:43:39.780910Z,134,0.910363160424173,0.617200674536256,1.31750377704258,0.00657244166359305,MNIST_seed2_prop0.01,linear_logistic_0.1,same_other_sizes_cv,balanced,other,11980,2,1,11980
6,10,1,5,2025-07-31T18:38:35.468017Z,2025-07-31T20:18:13.776631Z,68,0.910013176384939,0.612666554224996,1.31470354388352,0.00624271016567946,MNIST_seed2_prop0.01,linear_logistic_0.1,same_other_sizes_cv,balanced,other,11980,3,1,11980
6,10,1,8,2025-07-31T18:39:41.956987Z,2025-07-31T20:03:11.006363Z,103,0.906179874644884,0.991990655765059,0.0358307889519697,0.00553073920309544,MNIST_seed2_prop0.01,linear_logistic_0.1,same_other_sizes_cv,unbalanced,same,11980,1,1,11980
6,10,1,10,2025-07-31T18:42:24.473080Z,2025-07-31T19:39:46.925474Z,26,0.890514528185243,0.992488733099649,0.034469664039281,0.00692722341045737,MNIST_seed2_prop0.01,linear_logistic_0.1,same_other_sizes_cv,unbalanced,same,11980,2,1,11980
6,10,1,12,2025-07-31T18:45:28.630589Z,2025-07-31T20:20:21.792253Z,119,0.930089231699938,0.99164717674574,0.0324513725701795,0.0066450908780098,MNIST_seed2_prop0.01,linear_logistic_0.1,same_other_sizes_cv,unbalanced,same,11980,3,1,11980
6,11,1,1,2025-07-31T18:46:12.939371Z,2025-07-31T22:29:44.478927Z,131,0.98198615268389,0.800151719487525,0.563716112723725,0.00500523950904608,MNIST_seed2_prop0.01,conv_logistic_1,same_other_sizes_cv,balanced,other,11980,1,1,11980
6,11,1,3,2025-08-01T01:11:06.294614Z,2025-08-01T07:52:25.900246Z,43,0.986812432283328,0.853962900505902,0.452402061030124,0.00569689925760031,MNIST_seed2_prop0.01,conv_logistic_1,same_other_sizes_cv,balanced,other,11980,2,1,11980
6,11,1,5,2025-07-31T18:46:56.228053Z,2025-07-31T22:03:29.463345Z,129,0.986795765407607,0.850986675662,0.883875648422531,0.0021325945854187,MNIST_seed2_prop0.01,conv_logistic_1,same_other_sizes_cv,balanced,other,11980,3,1,11980
6,11,1,8,2025-08-01T01:11:06.294907Z,2025-08-01T08:46:16.264069Z,132,0.996440533698861,0.995661605206074,0.0152902948708227,0.00154304038733244,MNIST_seed2_prop0.01,conv_logistic_1,same_other_sizes_cv,unbalanced,same,11980,1,1,11980
6,11,1,10,2025-08-01T01:11:06.294887Z,2025-08-01T07:42:46.017009Z,177,0.988043050637892,0.99566015690202,0.0302229567932531,0.00246834848076105,MNIST_seed2_prop0.01,conv_logistic_1,same_other_sizes_cv,unbalanced,same,11980,2,1,11980
6,11,1,12,2025-08-01T01:11:06.294812Z,2025-08-01T08:19:27.231080Z,48,0.993447228814744,0.995656531907785,0.0163352111847969,0.00236487854272127,MNIST_seed2_prop0.01,conv_logistic_1,same_other_sizes_cv,unbalanced,same,11980,3,1,11980
6,12,1,1,2025-07-31T19:03:43.050009Z,2025-07-31T19:49:45.730348Z,19,0.918668374188204,0.626432906271072,1.40317407301892,0.00441803131252527,MNIST_seed2_prop0.01,linear_logistic_1,same_other_sizes_cv,balanced,other,11980,1,1,11980
6,12,1,3,2025-07-31T19:04:36.674989Z,2025-07-31T19:44:50.026507Z,142,0.915052182716288,0.63566610455312,1.46684038494676,0.00601040478795767,MNIST_seed2_prop0.01,linear_logistic_1,same_other_sizes_cv,balanced,other,11980,2,1,11980
6,12,1,5,2025-07-31T19:09:51.916287Z,2025-07-31T19:58:46.595215Z,168,0.926420277551521,0.636616630123124,1.37612276915251,0.0058801812119782,MNIST_seed2_prop0.01,linear_logistic_1,same_other_sizes_cv,balanced,other,11980,3,1,11980
6,12,1,8,2025-07-31T19:10:05.951225Z,2025-07-31T19:58:27.776242Z,70,0.932563589533842,0.991990655765059,0.0332025329239662,0.00460243644192815,MNIST_seed2_prop0.01,linear_logistic_1,same_other_sizes_cv,unbalanced,same,11980,1,1,11980
6,12,1,10,2025-07-31T19:10:07.766708Z,2025-07-31T19:36:51.702418Z,13,0.890697184285955,0.99282256718411,0.0346544071426772,0.0067367060109973,MNIST_seed2_prop0.01,linear_logistic_1,same_other_sizes_cv,unbalanced,same,11980,2,1,11980
6,12,1,12,2025-07-31T19:11:16.157043Z,2025-07-31T20:13:15.534120Z,141,0.954598864535346,0.991480120280655,0.0320803591945058,0.00619257241487503,MNIST_seed2_prop0.01,linear_logistic_1,same_other_sizes_cv,unbalanced,same,11980,3,1,11980
1,1,1,1,2025-08-01T01:11:06.294953Z,2025-08-01T09:49:11.120434Z,68,0.934525941541491,0.5,0.687238922081833,0.000472080253530294,EMNIST_seed1_prop0.01,conv_AUM_0.01,same_other_sizes_cv,balanced,other,11784,1,1,11784
1,1,1,3,2025-08-01T01:11:06.295194Z,2025-08-01T11:04:22.223777Z,127,0.945627536458551,0.530334190231363,0.682910400911873,0.000581367348786444,EMNIST_seed1_prop0.01,conv_AUM_0.01,same_other_sizes_cv,balanced,other,11784,2,1,11784
1,1,1,5,2025-08-01T01:11:06.295314Z,2025-08-01T11:27:06.421292Z,135,0.959281397750442,0.502401372212693,0.682490798351473,0.000489765196107328,EMNIST_seed1_prop0.01,conv_AUM_0.01,same_other_sizes_cv,balanced,other,11784,3,1,11784
1,1,1,8,2025-08-01T01:11:06.295339Z,2025-08-01T12:12:41.822530Z,146,0.93235932590688,0.990161153519932,0.667946607788938,0.000623074127361178,EMNIST_seed1_prop0.01,conv_AUM_0.01,same_other_sizes_cv,unbalanced,same,11784,1,1,11784
1,1,1,10,2025-08-01T01:11:06.295197Z,2025-08-01T11:46:15.173594Z,38,0.979580119965726,0.989821882951654,0.646535320630523,0.000191410101251677,EMNIST_seed1_prop0.01,conv_AUM_0.01,same_other_sizes_cv,unbalanced,same,11784,2,1,11784
1,1,1,12,2025-08-01T01:11:06.295281Z,2025-08-01T08:00:50.951503Z,8,0.956204055378586,0.0100237852531431,0.724461765390999,0.000517557899001986,EMNIST_seed1_prop0.01,conv_AUM_0.01,same_other_sizes_cv,unbalanced,same,11784,3,1,11784
1,2,1,1,2025-07-31T19:36:51.797901Z,2025-07-31T20:02:28.295505Z,13,0.893432151959521,0.693144815766924,0.663643432867993,0.00351598556153476,EMNIST_seed1_prop0.01,linear_AUM_0.01,same_other_sizes_cv,balanced,other,11784,1,1,11784
1,2,1,3,2025-07-31T19:39:47.046859Z,2025-07-31T20:13:12.450108Z,26,0.902887063483147,0.726478149100257,0.661249147683347,0.00353622273541987,EMNIST_seed1_prop0.01,linear_AUM_0.01,same_other_sizes_cv,balanced,other,11784,2,1,11784
1,2,1,5,2025-07-31T19:41:03.715555Z,2025-07-31T20:06:54.378779Z,184,0.874254521329022,0.630874785591767,0.658470228841049,0.00545530719682574,EMNIST_seed1_prop0.01,linear_AUM_0.01,same_other_sizes_cv,balanced,other,11784,3,1,11784
1,2,1,8,2025-07-31T19:42:36.235202Z,2025-07-31T20:46:44.384194Z,171,0.88134247357898,0.30381679389313,0.713258106312884,0.0050803292542696,EMNIST_seed1_prop0.01,linear_AUM_0.01,same_other_sizes_cv,unbalanced,same,11784,1,1,11784
1,2,1,10,2025-07-31T19:43:39.884Z,2025-07-31T20:21:50.410931Z,134,0.891645244215935,0.261747243426633,0.714342932450712,0.00455687521025538,EMNIST_seed1_prop0.01,linear_AUM_0.01,same_other_sizes_cv,unbalanced,same,11784,2,1,11784
1,2,1,12,2025-07-31T19:44:50.648778Z,2025-07-31T20:10:45.971827Z,142,0.893396226415096,0.318042813455658,0.711792066328408,0.00484865810722113,EMNIST_seed1_prop0.01,linear_AUM_0.01,same_other_sizes_cv,unbalanced,same,11784,3,1,11784
1,3,1,1,2025-07-31T19:46:31.647951Z,2025-07-31T22:36:06.343853Z,24,0.950866832759498,0.593144815766924,0.684622941970708,0.0004533541505225,EMNIST_seed1_prop0.01,conv_AUM_0.1,same_other_sizes_cv,balanced,other,11784,1,1,11784
1,3,1,3,2025-08-01T01:11:06.295267Z,2025-08-01T07:37:50.868993Z,47,0.935468294405785,0.509768637532134,0.683679407317249,0.00065814662957564,EMNIST_seed1_prop0.01,conv_AUM_0.1,same_other_sizes_cv,balanced,other,11784,2,1,11784
1,3,1,5,2025-08-01T01:11:06.295510Z,2025-08-01T08:00:59.035066Z,133,0.956186549138101,0.748885077186964,0.682660923401775,0.000502354465425015,EMNIST_seed1_prop0.01,conv_AUM_0.1,same_other_sizes_cv,balanced,other,11784,3,1,11784
1,3,1,8,2025-08-01T01:11:06.295375Z,2025-08-01T07:43:38.258475Z,45,0.955609825764069,0.993384223918575,0.670744053431228,0.000411958288168535,EMNIST_seed1_prop0.01,conv_AUM_0.1,same_other_sizes_cv,unbalanced,same,11784,1,1,11784
1,3,1,10,2025-08-01T01:11:06.295489Z,2025-08-01T07:03:16.231630Z,22,0.964898600399889,0.157251908396947,0.705775707649981,0.000504702096804977,EMNIST_seed1_prop0.01,conv_AUM_0.1,same_other_sizes_cv,unbalanced,same,11784,2,1,11784
1,3,1,12,2025-07-31T19:55:49.931056Z,2025-07-31T22:39:47.127159Z,190,0.941037735849055,0.271321780496092,0.697457502252182,0.000634889816865325,EMNIST_seed1_prop0.01,conv_AUM_0.1,same_other_sizes_cv,unbalanced,same,11784,3,1,11784
1,4,1,1,2025-07-31T19:58:27.886847Z,2025-07-31T20:36:45.985732Z,70,0.905473926289147,0.527163667523565,0.644983668877432,0.00603581313043833,EMNIST_seed1_prop0.01,linear_AUM_0.1,same_other_sizes_cv,balanced,other,11784,1,1,11784
1,4,1,3,2025-07-31T19:58:46.722188Z,2025-07-31T20:32:31.063761Z,168,0.917518813941518,0.69974293059126,0.626317299185766,0.00668076006695628,EMNIST_seed1_prop0.01,linear_AUM_0.1,same_other_sizes_cv,balanced,other,11784,2,1,11784
1,4,1,5,2025-07-31T20:02:19.445792Z,2025-07-31T20:39:32.807145Z,30,0.914286325829903,0.573499142367067,0.644397944199127,0.00540351122617722,EMNIST_seed1_prop0.01,linear_AUM_0.1,same_other_sizes_cv,balanced,other,11784,3,1,11784
1,4,1,8,2025-07-31T20:02:28.382779Z,2025-07-31T20:26:55.466492Z,13,0.94086832333619,0.232739609838846,0.73210478690426,0.0044591031037271,EMNIST_seed1_prop0.01,linear_AUM_0.1,same_other_sizes_cv,unbalanced,same,11784,1,1,11784
1,4,1,10,2025-07-31T20:02:35.578360Z,2025-07-31T20:56:34.857117Z,199,0.935801199657241,0.168278201865988,0.759097879766333,0.00584753882139921,EMNIST_seed1_prop0.01,linear_AUM_0.1,same_other_sizes_cv,unbalanced,same,11784,2,1,11784
1,4,1,12,2025-07-31T20:03:11.119138Z,2025-07-31T20:52:10.124507Z,103,0.935852119578531,0.399592252803262,0.709596054186118,0.00507072685286403,EMNIST_seed1_prop0.01,linear_AUM_0.1,same_other_sizes_cv,unbalanced,same,11784,3,1,11784
1,5,1,1,2025-07-31T20:03:14.581294Z,2025-07-31T22:52:58.608790Z,7,0.971022675122569,0.5,0.688566427178679,0.000181185925612226,EMNIST_seed1_prop0.01,conv_AUM_1,same_other_sizes_cv,balanced,other,11784,1,1,11784
1,5,1,3,2025-08-01T01:11:06.295512Z,2025-08-01T07:21:26.066173Z,46,0.970271160131259,0.532647814910026,0.682764176222158,0.000336754921590909,EMNIST_seed1_prop0.01,conv_AUM_1,same_other_sizes_cv,balanced,other,11784,2,1,11784
1,5,1,5,2025-07-31T20:06:54.474918Z,2025-07-31T22:51:16.138624Z,184,0.96542059319366,0.754631217838765,0.682848278845846,0.000377369782654569,EMNIST_seed1_prop0.01,conv_AUM_1,same_other_sizes_cv,balanced,other,11784,3,1,11784
1,5,1,8,2025-08-01T01:11:06.295877Z,2025-08-01T07:48:24.879732Z,145,0.958160525564123,0.990161153519932,0.662565282072991,0.000388152373488992,EMNIST_seed1_prop0.01,conv_AUM_1,same_other_sizes_cv,unbalanced,same,11784,1,1,11784
1,5,1,10,2025-08-01T01:11:06.295880Z,2025-08-01T07:45:19.521239Z,139,0.969195944015996,0.0101781170483461,0.780903526182472,0.000431103748269379,EMNIST_seed1_prop0.01,conv_AUM_1,same_other_sizes_cv,unbalanced,same,11784,2,1,11784
1,5,1,12,2025-07-31T20:10:46.062168Z,2025-07-31T22:52:00.744671Z,142,0.969175753491795,0.99048589874278,0.670792922414172,0.000145982325193472,EMNIST_seed1_prop0.01,conv_AUM_1,same_other_sizes_cv,unbalanced,same,11784,3,1,11784
1,6,1,1,2025-07-31T20:12:03.344463Z,2025-07-31T20:53:43.753987Z,86,0.94536967403364,0.65981148243359,0.568651150103674,0.0234418157488108,EMNIST_seed1_prop0.01,linear_AUM_1,same_other_sizes_cv,balanced,other,11784,1,1,11784
1,6,1,3,2025-07-31T20:13:12.569201Z,2025-07-31T20:45:08.112849Z,26,0.948688960700909,0.636846615252785,0.651744861690016,0.0185555592179298,EMNIST_seed1_prop0.01,linear_AUM_1,same_other_sizes_cv,balanced,other,11784,2,1,11784
1,6,1,5,2025-07-31T20:13:15.639811Z,2025-07-31T20:58:23.154721Z,141,0.934666891249791,0.628559176672384,0.603335717514526,0.0225556623190641,EMNIST_seed1_prop0.01,linear_AUM_1,same_other_sizes_cv,balanced,other,11784,3,1,11784
1,6,1,8,2025-07-31T20:13:59.454538Z,2025-07-31T20:59:20.482140Z,91,0.9682804912882,0.187616624257846,1.57856667104346,0.00698328018188477,EMNIST_seed1_prop0.01,linear_AUM_1,same_other_sizes_cv,unbalanced,same,11784,1,1,11784
1,6,1,10,2025-07-31T20:15:39.208595Z,2025-07-31T21:11:49.542236Z,78,0.952470722650673,0.550127226463104,0.824736218618691,0.0239187255501747,EMNIST_seed1_prop0.01,linear_AUM_1,same_other_sizes_cv,unbalanced,same,11784,2,1,11784
1,6,1,12,2025-07-31T20:15:46.114892Z,2025-07-31T21:02:57.521919Z,145,0.953782773829947,0.371899422358138,1.01244610632106,0.0208871811628342,EMNIST_seed1_prop0.01,linear_AUM_1,same_other_sizes_cv,unbalanced,same,11784,3,1,11784
1,7,1,1,2025-08-01T01:11:06.295924Z,2025-08-01T15:41:58.535946Z,141,0.941404372896763,0.658526135389889,1.10972585529617,0.00473386980593205,EMNIST_seed1_prop0.01,conv_logistic_0.01,same_other_sizes_cv,balanced,other,11784,1,1,11784
1,7,1,3,2025-08-01T01:11:06.295972Z,2025-08-01T15:51:09.026157Z,149,0.939960745699539,0.639245929734362,1.14568942112316,0.00447176489979029,EMNIST_seed1_prop0.01,conv_logistic_0.01,same_other_sizes_cv,balanced,other,11784,2,1,11784
1,7,1,5,2025-08-01T01:11:06.296040Z,2025-08-01T15:39:28.897835Z,151,0.939193545539867,0.658833619210978,1.12170030214529,0.00540700415149331,EMNIST_seed1_prop0.01,conv_logistic_0.01,same_other_sizes_cv,balanced,other,11784,3,1,11784
1,7,1,8,2025-08-01T01:11:06.296112Z,2025-08-01T15:38:52.957974Z,137,0.94649385889746,0.992705682782019,0.0297384481848036,0.00520522147417069,EMNIST_seed1_prop0.01,conv_logistic_0.01,same_other_sizes_cv,unbalanced,same,11784,1,1,11784
1,7,1,10,2025-08-01T01:11:06.296150Z,2025-08-01T15:41:10.755970Z,143,0.955379891459582,0.991178965224767,0.0298651632570751,0.00495335226878524,EMNIST_seed1_prop0.01,conv_logistic_0.01,same_other_sizes_cv,unbalanced,same,11784,2,1,11784
1,7,1,12,2025-08-01T01:11:06.296242Z,2025-08-01T13:33:55.110211Z,152,0.929064567507965,0.992184845395855,0.0295615103976567,0.0050797127187252,EMNIST_seed1_prop0.01,conv_logistic_0.01,same_other_sizes_cv,unbalanced,same,11784,3,1,11784
1,8,1,1,2025-07-31T20:23:50.362909Z,2025-07-31T21:35:19.408428Z,149,0.848377760595761,0.589631533847472,1.42510221840341,0.0076558031141758,EMNIST_seed1_prop0.01,linear_logistic_0.01,same_other_sizes_cv,balanced,other,11784,1,1,11784
1,8,1,3,2025-07-31T20:26:55.524962Z,2025-07-31T21:10:20.708598Z,13,0.851532981028557,0.579177377892031,1.44912363941257,0.00788685120642185,EMNIST_seed1_prop0.01,linear_logistic_0.01,same_other_sizes_cv,balanced,other,11784,2,1,11784
1,8,1,5,2025-07-31T20:28:01.312568Z,2025-07-31T21:18:02.957162Z,137,0.849201018567827,0.58893653516295,1.40606225276291,0.008565210737288,EMNIST_seed1_prop0.01,linear_logistic_0.01,same_other_sizes_cv,balanced,other,11784,3,1,11784
1,8,1,8,2025-07-31T20:30:11.040017Z,2025-07-31T21:12:04.222625Z,2,0.871819480148527,0.991009329940628,0.0404246862295676,0.00831503234803677,EMNIST_seed1_prop0.01,linear_logistic_0.01,same_other_sizes_cv,unbalanced,same,11784,1,1,11784
1,8,1,10,2025-07-31T20:30:41.178105Z,2025-07-31T21:19:59.697195Z,135,0.831688089117392,0.990839694656488,0.0422491077457294,0.00836189556866884,EMNIST_seed1_prop0.01,linear_logistic_0.01,same_other_sizes_cv,unbalanced,same,11784,2,1,11784
1,8,1,12,2025-07-31T20:30:41.261240Z,2025-07-31T21:15:21.627066Z,6,0.867933717226167,0.992184845395855,0.0366386349872968,0.00780417351052165,EMNIST_seed1_prop0.01,linear_logistic_0.01,same_other_sizes_cv,unbalanced,same,11784,3,1,11784
1,9,1,1,2025-08-01T01:11:06.296126Z,2025-08-01T11:14:08.592974Z,69,0.991857383384402,0.82107969151671,0.572421822235317,0.00181737705133855,EMNIST_seed1_prop0.01,conv_logistic_0.1,same_other_sizes_cv,balanced,other,11784,1,1,11784
1,9,1,3,2025-08-01T01:11:06.296376Z,2025-08-01T09:39:20.760203Z,126,0.98761650912813,0.824935732647815,0.551841886327663,0.00251508015207946,EMNIST_seed1_prop0.01,conv_logistic_0.1,same_other_sizes_cv,balanced,other,11784,2,1,11784
1,9,1,5,2025-08-01T01:11:06.296233Z,2025-08-01T13:36:10.324149Z,60,0.991833598616019,0.861320754716981,0.598451985656803,0.00246941368095577,EMNIST_seed1_prop0.01,conv_logistic_0.1,same_other_sizes_cv,balanced,other,11784,3,1,11784
1,9,1,8,2025-08-01T01:11:06.296360Z,2025-08-01T08:17:17.389987Z,195,0.989677235075692,0.994232400339271,0.0186162358707284,0.00305956904776394,EMNIST_seed1_prop0.01,conv_logistic_0.1,same_other_sizes_cv,unbalanced,same,11784,1,1,11784
1,9,1,10,2025-08-01T01:11:06.296360Z,2025-08-01T12:34:04.728165Z,193,0.984928591830908,0.995928753180662,0.0159764669144052,0.00160592189058661,EMNIST_seed1_prop0.01,conv_logistic_0.1,same_other_sizes_cv,unbalanced,same,11784,2,1,11784
1,9,1,12,2025-08-01T01:11:06.296360Z,2025-08-01T09:20:33.326360Z,191,0.988337723597161,0.995752633367312,0.0124298591460847,0.00243612332269549,EMNIST_seed1_prop0.01,conv_logistic_0.1,same_other_sizes_cv,unbalanced,same,11784,3,1,11784
1,10,1,1,2025-07-31T20:39:32.891771Z,2025-07-31T21:41:46.596446Z,30,0.916821003767561,0.661096829477292,1.19749934652343,0.00643678847700357,EMNIST_seed1_prop0.01,linear_logistic_0.1,same_other_sizes_cv,balanced,other,11784,1,1,11784
1,10,1,3,2025-07-31T20:45:08.191104Z,2025-07-31T21:43:48.234025Z,26,0.90066049435747,0.641730934018852,1.34540595543666,0.00542523339390755,EMNIST_seed1_prop0.01,linear_logistic_0.1,same_other_sizes_cv,balanced,other,11784,2,1,11784
1,10,1,5,2025-07-31T20:46:44.462996Z,2025-07-31T22:35:36.875089Z,171,0.910568023678318,0.644168096054889,1.24544881269231,0.00685578631237149,EMNIST_seed1_prop0.01,linear_logistic_0.1,same_other_sizes_cv,balanced,other,11784,3,1,11784
1,10,1,8,2025-07-31T20:47:38.012741Z,2025-07-31T21:48:54.675250Z,76,0.934910025706942,0.990839694656488,0.0318380623667177,0.00742658087983728,EMNIST_seed1_prop0.01,linear_logistic_0.1,same_other_sizes_cv,unbalanced,same,11784,1,1,11784
1,10,1,10,2025-07-31T20:52:01.891125Z,2025-07-31T21:19:45.194257Z,126,0.85328620394173,0.991518235793045,0.0390140869888058,0.00736641231924295,EMNIST_seed1_prop0.01,linear_logistic_0.1,same_other_sizes_cv,unbalanced,same,11784,2,1,11784
1,10,1,12,2025-07-31T20:52:10.191040Z,2025-07-31T22:16:21.667935Z,103,0.924690639549129,0.992864424057085,0.0284306244290651,0.00553415669128299,EMNIST_seed1_prop0.01,linear_logistic_0.1,same_other_sizes_cv,unbalanced,same,11784,3,1,11784
1,11,1,1,2025-08-01T01:11:06.296419Z,2025-08-01T06:26:31.845440Z,181,0.990891445631766,0.860839760068552,0.405382275319207,0.00451798317953944,EMNIST_seed1_prop0.01,conv_logistic_1,same_other_sizes_cv,balanced,other,11784,1,1,11784
1,11,1,3,2025-08-01T01:11:06.296774Z,2025-08-01T07:51:45.499626Z,130,0.987412248722179,0.834104541559554,0.53523238626377,0.0028321931604296,EMNIST_seed1_prop0.01,conv_logistic_1,same_other_sizes_cv,balanced,other,11784,2,1,11784
1,11,1,5,2025-08-01T01:11:06.296415Z,2025-08-01T08:57:04.851616Z,74,0.985095987219357,0.87598627787307,1.03589916654919,0.00202107755467296,EMNIST_seed1_prop0.01,conv_logistic_1,same_other_sizes_cv,balanced,other,11784,3,1,11784
1,11,1,8,2025-08-01T01:11:06.296704Z,2025-08-01T08:32:02.686094Z,16,0.990424164524423,0.995419847328244,0.024351013124837,0.00114918977487832,EMNIST_seed1_prop0.01,conv_logistic_1,same_other_sizes_cv,unbalanced,same,11784,1,1,11784
1,11,1,10,2025-08-01T01:11:06.296742Z,2025-08-01T08:55:31.512418Z,63,0.994388746072552,0.99626802374894,0.0160768999937563,0.00142461434006691,EMNIST_seed1_prop0.01,conv_logistic_1,same_other_sizes_cv,unbalanced,same,11784,2,1,11784
1,11,1,12,2025-08-01T01:11:06.296923Z,2025-08-01T05:56:22.098340Z,27,0.984806113697622,0.995582738702005,0.0153718138148528,0.00116737757343799,EMNIST_seed1_prop0.01,conv_logistic_1,same_other_sizes_cv,unbalanced,same,11784,3,1,11784
1,12,1,1,2025-07-31T20:58:23.229693Z,2025-07-31T21:52:34.725849Z,141,0.930754121664835,0.665638389031705,1.22770144855661,0.00550689175724983,EMNIST_seed1_prop0.01,linear_logistic_1,same_other_sizes_cv,balanced,other,11784,1,1,11784
1,12,1,3,2025-07-31T20:58:42.687974Z,2025-07-31T21:41:52.455Z,94,0.884311026816429,0.631362467866324,1.3628954936117,0.006515147164464,EMNIST_seed1_prop0.01,linear_logistic_1,same_other_sizes_cv,balanced,other,11784,2,1,11784
1,12,1,5,2025-07-31T20:58:57.409548Z,2025-07-31T22:06:03.703136Z,33,0.9178068575329,0.639622641509434,1.41690938629945,0.00595186790451407,EMNIST_seed1_prop0.01,linear_logistic_1,same_other_sizes_cv,balanced,other,11784,3,1,11784
1,12,1,8,2025-07-31T20:59:20.581371Z,2025-07-31T22:10:23.247071Z,91,0.939413024850046,0.990670059372349,0.0334402977345431,0.00639157136902213,EMNIST_seed1_prop0.01,linear_logistic_1,same_other_sizes_cv,unbalanced,same,11784,1,1,11784
1,12,1,10,2025-07-31T21:00:57.831328Z,2025-07-31T22:14:37.200701Z,153,0.901503856041131,0.991518235793045,0.0364452625297383,0.00576742552220821,EMNIST_seed1_prop0.01,linear_logistic_1,same_other_sizes_cv,unbalanced,same,11784,2,1,11784
1,12,1,12,2025-07-31T21:02:15.212587Z,2025-07-31T21:39:56.159573Z,92,0.943073082577801,0.992864424057085,0.0277877944890596,0.00461239786818624,EMNIST_seed1_prop0.01,linear_logistic_1,same_other_sizes_cv,unbalanced,same,11784,3,1,11784
2,1,1,1,2025-08-01T01:11:06.296922Z,2025-08-01T06:28:26.230972Z,33,0.95088419100235,0.500771208226221,0.68491593251562,0.000443814933532849,EMNIST_seed2_prop0.01,conv_AUM_0.01,same_other_sizes_cv,balanced,other,11784,1,1,11784
2,1,1,3,2025-08-01T01:11:06.296970Z,2025-08-01T07:12:07.468411Z,82,0.953845871432988,0.5,0.685163912928111,0.000447976577561349,EMNIST_seed2_prop0.01,conv_AUM_0.01,same_other_sizes_cv,balanced,other,11784,2,1,11784
2,1,1,5,2025-08-01T01:11:06.296927Z,2025-08-01T11:39:18.663259Z,190,0.95066758559412,0.800428816466552,0.686462849813413,0.000361750891897827,EMNIST_seed2_prop0.01,conv_AUM_0.01,same_other_sizes_cv,balanced,other,11784,3,1,11784
2,1,1,8,2025-08-01T01:11:06.297045Z,2025-08-01T06:58:41.306074Z,25,0.91408026278206,0.990161153519932,0.668422253423057,0.000614264339674264,EMNIST_seed2_prop0.01,conv_AUM_0.01,same_other_sizes_cv,unbalanced,same,11784,1,1,11784
2,1,1,10,2025-08-01T01:11:06.297338Z,2025-08-01T08:05:45.735468Z,97,0.900088546129678,0.989821882951654,0.639203210396828,0.000811807345598936,EMNIST_seed2_prop0.01,conv_AUM_0.01,same_other_sizes_cv,unbalanced,same,11784,2,1,11784
2,1,1,12,2025-08-01T01:11:06.297104Z,2025-08-01T14:07:42.854104Z,188,0.958731009556483,0.00951410125722052,0.781374373612589,0.000376766576664522,EMNIST_seed2_prop0.01,conv_AUM_0.01,same_other_sizes_cv,unbalanced,same,11784,3,1,11784
2,2,1,1,2025-07-31T21:08:49.088272Z,2025-07-31T21:54:31.901405Z,93,0.888120456219266,0.811825192802057,0.668700163190568,0.00303419143892825,EMNIST_seed2_prop0.01,linear_AUM_0.01,same_other_sizes_cv,balanced,other,11784,1,1,11784
2,2,1,3,2025-07-31T21:10:01.297693Z,2025-07-31T22:03:05.626238Z,195,0.912225049178017,0.746272493573265,0.654722901100526,0.00388273620046675,EMNIST_seed2_prop0.01,linear_AUM_0.01,same_other_sizes_cv,balanced,other,11784,2,1,11784
2,2,1,5,2025-07-31T21:10:20.794768Z,2025-07-31T21:35:17.101035Z,13,0.893494096602126,0.649228130360206,0.661676019164382,0.00384254730306566,EMNIST_seed2_prop0.01,linear_AUM_0.01,same_other_sizes_cv,balanced,other,11784,3,1,11784
2,2,1,8,2025-07-31T21:11:49.764552Z,2025-07-31T22:07:53.031630Z,78,0.899063124821479,0.391687871077184,0.700954099400743,0.00402413029223681,EMNIST_seed2_prop0.01,linear_AUM_0.01,same_other_sizes_cv,unbalanced,same,11784,1,1,11784
2,2,1,10,2025-07-31T21:12:04.308230Z,2025-07-31T21:36:50.536988Z,2,0.876960868323332,0.660899067005937,0.678426594376643,0.0061303204856813,EMNIST_seed2_prop0.01,linear_AUM_0.01,same_other_sizes_cv,unbalanced,same,11784,2,1,11784
2,2,1,12,2025-07-31T21:12:45.097089Z,2025-07-31T22:05:11.714845Z,72,0.880458221024258,0.474345905538566,0.695229984678288,0.00443048123270273,EMNIST_seed2_prop0.01,linear_AUM_0.01,same_other_sizes_cv,unbalanced,same,11784,3,1,11784
2,3,1,1,2025-08-01T01:11:06.297295Z,2025-08-01T07:12:15.767441Z,12,0.956078505663824,0.5,0.689059066767332,0.000293493387289345,EMNIST_seed2_prop0.01,conv_AUM_0.1,same_other_sizes_cv,balanced,other,11784,1,1,11784
2,3,1,3,2025-08-01T01:11:06.297307Z,2025-08-01T08:17:08.589260Z,39,0.923775168167156,0.501371036846615,0.687267007175022,0.000468958780402318,EMNIST_seed2_prop0.01,conv_AUM_0.1,same_other_sizes_cv,balanced,other,11784,2,1,11784
2,3,1,5,2025-08-01T01:11:06.297443Z,2025-08-01T05:30:58.144716Z,96,0.936955712011863,0.591509433962264,0.682607996402676,0.000752716616261751,EMNIST_seed2_prop0.01,conv_AUM_0.1,same_other_sizes_cv,balanced,other,11784,3,1,11784
2,3,1,8,2025-08-01T01:11:06.297359Z,2025-08-01T08:26:12.886165Z,41,0.944861468151953,0.989821882951654,0.639308169014617,0.000465486460598186,EMNIST_seed2_prop0.01,conv_AUM_0.1,same_other_sizes_cv,unbalanced,same,11784,1,1,11784
2,3,1,10,2025-08-01T01:11:06.297411Z,2025-08-01T04:21:08.076452Z,112,0.907183661810912,0.0101781170483461,0.729857202474937,0.000949826557189226,EMNIST_seed2_prop0.01,conv_AUM_0.1,same_other_sizes_cv,unbalanced,same,11784,2,1,11784
2,3,1,12,2025-08-01T01:11:06.297724Z,2025-08-01T07:33:25.339133Z,148,0.972266295025731,0.696738022426096,0.689939918241755,0.000235913248616271,EMNIST_seed2_prop0.01,conv_AUM_0.1,same_other_sizes_cv,unbalanced,same,11784,3,1,11784
2,4,1,1,2025-07-31T21:26:18.228542Z,2025-07-31T22:08:51.894102Z,111,0.899310340270022,0.749443016281063,0.640277361521756,0.00625107251107693,EMNIST_seed2_prop0.01,linear_AUM_0.1,same_other_sizes_cv,balanced,other,11784,1,1,11784
2,4,1,3,2025-07-31T21:27:43.709546Z,2025-07-31T22:17:28.238784Z,198,0.923400379913488,0.725878320479863,0.638294583496574,0.00484478008002043,EMNIST_seed2_prop0.01,linear_AUM_0.1,same_other_sizes_cv,balanced,other,11784,2,1,11784
2,4,1,5,2025-07-31T21:31:30.903482Z,2025-07-31T22:01:48.969260Z,104,0.896145050295832,0.720154373927959,0.644335660222988,0.00556946080178022,EMNIST_seed2_prop0.01,linear_AUM_0.1,same_other_sizes_cv,balanced,other,11784,3,1,11784
2,4,1,8,2025-07-31T21:32:02.164403Z,2025-07-31T22:13:32.968713Z,192,0.91974578691802,0.162001696352841,0.787747284541072,0.0118736904114485,EMNIST_seed2_prop0.01,linear_AUM_0.1,same_other_sizes_cv,unbalanced,same,11784,1,1,11784
2,4,1,10,2025-07-31T21:35:17.189265Z,2025-07-31T21:59:43.654540Z,13,0.863119108826049,0.211874469889737,0.817631516791385,0.0229018293321133,EMNIST_seed2_prop0.01,linear_AUM_0.1,same_other_sizes_cv,unbalanced,same,11784,2,1,11784
2,4,1,12,2025-07-31T21:35:19.575521Z,2025-07-31T22:19:13.701373Z,149,0.925747365841703,0.477573904179409,0.703668619256783,0.00667630136013031,EMNIST_seed2_prop0.01,linear_AUM_0.1,same_other_sizes_cv,unbalanced,same,11784,3,1,11784
2,5,1,1,2025-08-01T01:11:06.297573Z,2025-08-01T06:11:22.071635Z,185,0.956504649057302,0.5,0.691178811074857,0.000114668349851854,EMNIST_seed2_prop0.01,conv_AUM_1,same_other_sizes_cv,balanced,other,11784,1,1,11784
2,5,1,3,2025-08-01T01:11:06.297630Z,2025-08-01T06:12:57.886016Z,189,0.977917436736768,0.5,0.68502362969212,0.000208555909921415,EMNIST_seed2_prop0.01,conv_AUM_1,same_other_sizes_cv,balanced,other,11784,2,1,11784
2,5,1,5,2025-08-01T01:11:06.297794Z,2025-08-01T06:34:25.334014Z,14,0.959321763869969,0.5,0.689696608852469,0.000237255677348003,EMNIST_seed2_prop0.01,conv_AUM_1,same_other_sizes_cv,balanced,other,11784,3,1,11784
2,5,1,8,2025-08-01T01:11:06.297800Z,2025-08-01T05:29:17.500889Z,94,0.964050271351046,0.0101781170483461,0.723789147372863,0.000218164437683299,EMNIST_seed2_prop0.01,conv_AUM_1,same_other_sizes_cv,unbalanced,same,11784,1,1,11784
2,5,1,10,2025-08-01T01:11:06.297796Z,2025-08-01T07:27:13.210325Z,35,0.932913453299057,0.058863443596268,0.707837170134447,0.000764341733884066,EMNIST_seed2_prop0.01,conv_AUM_1,same_other_sizes_cv,unbalanced,same,11784,2,1,11784
2,5,1,12,2025-08-01T01:11:06.297854Z,2025-08-01T06:08:39.429334Z,187,0.981187209017394,0.00951410125722052,0.741480622109678,0.00010783746256493,EMNIST_seed2_prop0.01,conv_AUM_1,same_other_sizes_cv,unbalanced,same,11784,3,1,11784
2,6,1,1,2025-07-31T21:43:48.326579Z,2025-07-31T22:13:06.427805Z,26,0.944365921158039,0.638046272493573,0.626347187657084,0.020539665594697,EMNIST_seed2_prop0.01,linear_AUM_1,same_other_sizes_cv,balanced,other,11784,1,1,11784
2,6,1,3,2025-07-31T21:45:40.895719Z,2025-07-31T22:53:53.694771Z,53,0.936824601711299,0.662296486718081,0.705435989260998,0.0230461955070496,EMNIST_seed2_prop0.01,linear_AUM_1,same_other_sizes_cv,balanced,other,11784,2,1,11784
2,6,1,5,2025-07-31T21:46:30.768033Z,2025-07-31T22:15:51.140413Z,130,0.937225844319763,0.547255574614065,0.885732680445522,0.0155207291245461,EMNIST_seed2_prop0.01,linear_AUM_1,same_other_sizes_cv,balanced,other,11784,3,1,11784
2,6,1,8,2025-07-31T21:48:06.491626Z,2025-07-31T22:28:33.263424Z,116,0.937229363039129,0.667514843087362,0.61616172182677,0.0300582312047482,EMNIST_seed2_prop0.01,linear_AUM_1,same_other_sizes_cv,unbalanced,same,11784,1,1,11784
2,6,1,10,2025-07-31T21:48:54.785066Z,2025-07-31T22:23:53.168944Z,76,0.926426735218509,0.272094995759118,1.19844014114285,0.030134467408061,EMNIST_seed2_prop0.01,linear_AUM_1,same_other_sizes_cv,unbalanced,same,11784,2,1,11784
2,6,1,12,2025-07-31T21:48:56.360094Z,2025-07-31T22:22:49.074940Z,21,0.929000245037977,0.440366972477064,0.821786098330292,0.0279415380209684,EMNIST_seed2_prop0.01,linear_AUM_1,same_other_sizes_cv,unbalanced,same,11784,3,1,11784
2,7,1,1,2025-08-01T01:11:06.298103Z,2025-08-01T13:54:23.197976Z,21,0.919383488669047,0.622964867180806,1.22725804287727,0.00494018848985434,EMNIST_seed2_prop0.01,conv_logistic_0.01,same_other_sizes_cv,balanced,other,11784,1,1,11784
2,7,1,3,2025-08-01T01:11:06.298106Z,2025-08-01T13:45:21.446977Z,17,0.908217997208289,0.635646958011997,1.22324903370688,0.00566779868677259,EMNIST_seed2_prop0.01,conv_logistic_0.01,same_other_sizes_cv,balanced,other,11784,2,1,11784
2,7,1,5,2025-08-01T01:11:06.298156Z,2025-08-01T13:48:16.928253Z,13,0.923491816445957,0.630703259005146,1.22251735654845,0.0049787457101047,EMNIST_seed2_prop0.01,conv_logistic_0.01,same_other_sizes_cv,balanced,other,11784,3,1,11784
2,7,1,8,2025-08-01T01:11:06.298197Z,2025-08-01T13:54:10.680509Z,11,0.906461011139671,0.991348600508906,0.0327664374965039,0.00537546165287495,EMNIST_seed2_prop0.01,conv_logistic_0.01,same_other_sizes_cv,unbalanced,same,11784,1,1,11784
2,7,1,10,2025-08-01T01:11:06.298324Z,2025-08-01T12:52:45.000307Z,18,0.922829191659525,0.992196776929601,0.032287329383746,0.00562615972012281,EMNIST_seed2_prop0.01,conv_logistic_0.01,same_other_sizes_cv,unbalanced,same,11784,2,1,11784
2,7,1,12,2025-08-01T01:11:06.298491Z,2025-08-01T10:07:44.231042Z,80,0.925056665033082,0.992864424057085,0.0298692448954144,0.00468516349792481,EMNIST_seed2_prop0.01,conv_logistic_0.01,same_other_sizes_cv,unbalanced,same,11784,3,1,11784
2,8,1,1,2025-07-31T22:03:29.549285Z,2025-07-31T22:52:14.972638Z,129,0.839680135458911,0.580205655526992,1.47279627062762,0.00776692386716604,EMNIST_seed2_prop0.01,linear_logistic_0.01,same_other_sizes_cv,balanced,other,11784,1,1,11784
2,8,1,3,2025-08-01T01:11:06.298491Z,2025-08-01T02:34:17.170053Z,95,0.847237755793607,0.588517566409597,1.42233612945145,0.00859810318797827,EMNIST_seed2_prop0.01,linear_logistic_0.01,same_other_sizes_cv,balanced,other,11784,2,1,11784
2,8,1,5,2025-08-01T01:11:06.298491Z,2025-08-01T02:33:11.059306Z,89,0.844363365687033,0.586792452830189,1.45415407676228,0.00812491308897734,EMNIST_seed2_prop0.01,linear_logistic_0.01,same_other_sizes_cv,balanced,other,11784,3,1,11784
2,8,1,8,2025-08-01T01:11:06.298525Z,2025-08-01T02:33:29.200161Z,83,0.856566695229935,0.991009329940628,0.0390892288376611,0.00798641797155142,EMNIST_seed2_prop0.01,linear_logistic_0.01,same_other_sizes_cv,unbalanced,same,11784,1,1,11784
2,8,1,10,2025-08-01T01:11:06.298574Z,2025-08-01T02:29:42.887076Z,57,0.865675521279635,0.991518235793045,0.0395116347475165,0.00832395628094673,EMNIST_seed2_prop0.01,linear_logistic_0.01,same_other_sizes_cv,unbalanced,same,11784,2,1,11784
2,8,1,12,2025-08-01T01:11:06.298910Z,2025-08-01T02:25:50.922071Z,51,0.853678632688067,0.99184505606524,0.0383352746201447,0.00740624545142055,EMNIST_seed2_prop0.01,linear_logistic_0.01,same_other_sizes_cv,unbalanced,same,11784,3,1,11784
2,9,1,1,2025-08-01T01:11:06.298683Z,2025-08-01T09:06:35.984211Z,86,0.993668558891363,0.85484147386461,0.429587066449425,0.00354716111905873,EMNIST_seed2_prop0.01,conv_logistic_0.1,same_other_sizes_cv,balanced,other,11784,1,1,11784
2,9,1,3,2025-08-01T01:11:06.298761Z,2025-08-01T08:54:59.400791Z,93,0.987916944773032,0.833761782347901,0.63426772289514,0.00239376723766327,EMNIST_seed2_prop0.01,conv_logistic_0.1,same_other_sizes_cv,balanced,other,11784,2,1,11784
2,9,1,5,2025-08-01T01:11:06.298952Z,2025-08-01T09:52:24.862435Z,154,0.983452127017938,0.767238421955403,0.671062280793877,0.00284937303513289,EMNIST_seed2_prop0.01,conv_logistic_0.1,same_other_sizes_cv,balanced,other,11784,3,1,11784
2,9,1,8,2025-08-01T01:11:06.299034Z,2025-08-01T10:10:26.665050Z,129,0.991936589545844,0.99440203562341,0.0170431046724258,0.00284008914604783,EMNIST_seed2_prop0.01,conv_logistic_0.1,same_other_sizes_cv,unbalanced,same,11784,1,1,11784
2,9,1,10,2025-08-01T01:11:06.298880Z,2025-08-01T07:50:55.876985Z,118,0.965128534704369,0.994741306191688,0.0297470967032837,0.00257858075201511,EMNIST_seed2_prop0.01,conv_logistic_0.1,same_other_sizes_cv,unbalanced,same,11784,2,1,11784
2,9,1,12,2025-08-01T01:11:06.298945Z,2025-08-01T07:59:57.178481Z,183,0.975941864739038,0.994733265375467,0.0190237941411747,0.00307319802232087,EMNIST_seed2_prop0.01,conv_logistic_0.1,same_other_sizes_cv,unbalanced,same,11784,3,1,11784
2,10,1,1,2025-07-31T22:13:54.090294Z,2025-07-31T23:02:07.841262Z,28,0.902711748167435,0.656212510711225,1.26352150208291,0.00678988313302398,EMNIST_seed2_prop0.01,linear_logistic_0.1,same_other_sizes_cv,balanced,other,11784,1,1,11784
2,10,1,3,2025-08-01T01:11:06.299016Z,2025-08-01T02:43:40.200233Z,182,0.905165868877713,0.666666666666667,1.24051054566095,0.00763173773884773,EMNIST_seed2_prop0.01,linear_logistic_0.1,same_other_sizes_cv,balanced,other,11784,2,1,11784
2,10,1,5,2025-08-01T01:11:06.299138Z,2025-08-01T03:02:20.257353Z,15,0.896851530940984,0.660806174957118,1.31367233458796,0.0060263741761446,EMNIST_seed2_prop0.01,linear_logistic_0.1,same_other_sizes_cv,balanced,other,11784,3,1,11784
2,10,1,8,2025-08-01T01:11:06.299154Z,2025-08-01T02:29:39.965293Z,42,0.907749214510144,0.992705682782019,0.0317224269154867,0.00639998819679022,EMNIST_seed2_prop0.01,linear_logistic_0.1,same_other_sizes_cv,unbalanced,same,11784,1,1,11784
2,10,1,10,2025-08-01T01:11:06.299428Z,2025-08-01T02:42:58.201926Z,119,0.903577549271639,0.99050042408821,0.0357241391194968,0.00771245080977678,EMNIST_seed2_prop0.01,linear_logistic_0.1,same_other_sizes_cv,unbalanced,same,11784,2,1,11784
2,10,1,12,2025-08-01T01:11:06.299525Z,2025-08-01T02:59:44.535283Z,142,0.903689353099732,0.992354740061162,0.0324913553709421,0.00542199518531561,EMNIST_seed2_prop0.01,linear_logistic_0.1,same_other_sizes_cv,unbalanced,same,11784,3,1,11784
2,11,1,1,2025-08-01T01:11:06.299402Z,2025-08-01T05:55:01.357453Z,29,0.988625196326573,0.693573264781491,1.00565801641718,0.00116936373524368,EMNIST_seed2_prop0.01,conv_logistic_1,same_other_sizes_cv,balanced,other,11784,1,1,11784
2,11,1,3,2025-08-01T01:11:06.299664Z,2025-08-01T08:07:22.815176Z,147,0.981081204121628,0.729477292202228,1.02489777428077,0.0013777669519186,EMNIST_seed2_prop0.01,conv_logistic_1,same_other_sizes_cv,balanced,other,11784,2,1,11784
2,11,1,5,2025-08-01T01:11:06.300099Z,2025-08-01T08:21:52.885232Z,131,0.986626192668783,0.844854202401372,0.466252694442921,0.00489916885271668,EMNIST_seed2_prop0.01,conv_logistic_1,same_other_sizes_cv,balanced,other,11784,3,1,11784
2,11,1,8,2025-08-01T01:11:06.299612Z,2025-08-01T05:41:33.193394Z,91,0.991662382176522,0.993893129770992,0.019798351940113,0.00103014556225389,EMNIST_seed2_prop0.01,conv_logistic_1,same_other_sizes_cv,unbalanced,same,11784,1,1,11784
2,11,1,10,2025-08-01T01:11:06.299675Z,2025-08-01T07:45:01.949220Z,9,0.964311625249927,0.994062765055132,0.0351836034755189,0.00240055378526449,EMNIST_seed2_prop0.01,conv_logistic_1,same_other_sizes_cv,unbalanced,same,11784,2,1,11784
2,11,1,12,2025-08-01T01:11:06.299913Z,2025-08-01T08:01:40.909489Z,123,0.961114003920605,0.994223581379545,0.0234363297237796,0.00631152093410492,EMNIST_seed2_prop0.01,conv_logistic_1,same_other_sizes_cv,unbalanced,same,11784,3,1,11784
2,12,1,1,2025-07-31T22:23:53.234828Z,2025-07-31T23:00:47.212895Z,76,0.899718963880316,0.654670094258783,1.27306319159736,0.0068412316031754,EMNIST_seed2_prop0.01,linear_logistic_1,same_other_sizes_cv,balanced,other,11784,1,1,11784
2,12,1,3,2025-08-01T01:11:06.299810Z,2025-08-01T02:15:25.046376Z,31,0.917878593629877,0.675064267352185,1.27166832054716,0.00759916892275214,EMNIST_seed2_prop0.01,linear_logistic_1,same_other_sizes_cv,balanced,other,11784,2,1,11784
2,12,1,5,2025-08-01T01:11:06.299886Z,2025-08-01T02:22:26.970333Z,19,0.905901647302502,0.66295025728988,1.30932064480254,0.00552711309865117,EMNIST_seed2_prop0.01,linear_logistic_1,same_other_sizes_cv,balanced,other,11784,3,1,11784
2,12,1,8,2025-08-01T01:11:06.299917Z,2025-08-01T02:24:08.114907Z,23,0.911036846615252,0.992027141645462,0.0315235332177091,0.00615143589675427,EMNIST_seed2_prop0.01,linear_logistic_1,same_other_sizes_cv,unbalanced,same,11784,1,1,11784
2,12,1,10,2025-08-01T01:11:06.300691Z,2025-08-01T01:54:59.671635Z,170,0.901520994001711,0.990670059372349,0.0358421289645225,0.00782336574047804,EMNIST_seed2_prop0.01,linear_logistic_1,same_other_sizes_cv,unbalanced,same,11784,2,1,11784
2,12,1,12,2025-08-01T01:11:06.300689Z,2025-08-01T02:04:32.222850Z,164,0.897595564812548,0.992184845395855,0.0329080687221948,0.00498517043888569,EMNIST_seed2_prop0.01,linear_logistic_1,same_other_sizes_cv,unbalanced,same,11784,3,1,11784
3,1,1,1,2025-08-01T01:11:06.300689Z,2025-08-01T06:13:24.572040Z,168,0.97438798609872,0.546101113967438,0.681138255769142,0.000384269573260099,FashionMNIST_seed1_prop0.01,conv_AUM_0.01,same_other_sizes_cv,balanced,other,11784,1,1,11784
3,1,1,3,2025-08-01T01:11:06.300691Z,2025-08-01T08:01:29.068704Z,166,0.973881953668765,0.5,0.685799355743694,0.00027540692826733,FashionMNIST_seed1_prop0.01,conv_AUM_0.01,same_other_sizes_cv,balanced,other,11784,2,1,11784
3,1,1,5,2025-08-01T01:11:06.300617Z,2025-08-01T09:23:08.509477Z,104,0.974662110277179,0.5,0.684898767659401,0.000309390627080575,FashionMNIST_seed1_prop0.01,conv_AUM_0.01,same_other_sizes_cv,balanced,other,11784,3,1,11784
3,1,1,8,2025-08-01T01:11:06.300753Z,2025-08-01T07:27:17.472840Z,101,0.971468151956583,0.950636132315522,0.683011741608009,0.000306420784909278,FashionMNIST_seed1_prop0.01,conv_AUM_0.01,same_other_sizes_cv,unbalanced,same,11784,1,1,11784
3,1,1,10,2025-08-01T01:11:06.300773Z,2025-08-01T06:06:05.127990Z,102,0.986745215652672,0.693638676844784,0.689075140090122,0.000198992449440993,FashionMNIST_seed1_prop0.01,conv_AUM_0.01,same_other_sizes_cv,unbalanced,same,11784,2,1,11784
3,1,1,12,2025-08-01T01:11:06.300814Z,2025-08-01T07:08:33.091606Z,103,0.974690639549132,0.99048589874278,0.645957974016334,0.000333592412061989,FashionMNIST_seed1_prop0.01,conv_AUM_0.01,same_other_sizes_cv,unbalanced,same,11784,3,1,11784
3,2,1,1,2025-08-01T01:11:06.301477Z,2025-08-01T02:08:23.104153Z,159,0.9706294272147,0.912767780634105,0.631494942904521,0.00211363402195275,FashionMNIST_seed1_prop0.01,linear_AUM_0.01,same_other_sizes_cv,balanced,other,11784,1,1,11784
3,2,1,3,2025-08-01T01:11:06.300673Z,2025-08-01T01:52:14.838300Z,172,0.969295324361971,0.917737789203085,0.628041392809869,0.002345051150769,FashionMNIST_seed1_prop0.01,linear_AUM_0.01,same_other_sizes_cv,balanced,other,11784,2,1,11784
3,2,1,5,2025-08-01T01:11:06.301484Z,2025-08-01T02:09:40.625262Z,167,0.974587630079232,0.92041166380789,0.628082997100524,0.00198464840650558,FashionMNIST_seed1_prop0.01,linear_AUM_0.01,same_other_sizes_cv,balanced,other,11784,3,1,11784
3,2,1,8,2025-08-01T01:11:06.301484Z,2025-08-01T02:05:40.168682Z,169,0.968877463581831,0.90381679389313,0.625846705590452,0.0021882327273488,FashionMNIST_seed1_prop0.01,linear_AUM_0.01,same_other_sizes_cv,unbalanced,same,11784,1,1,11784
3,2,1,10,2025-08-01T01:11:06.301521Z,2025-08-01T02:08:29.360701Z,165,0.967994858611822,0.909584393553859,0.630095669939837,0.00264018471352756,FashionMNIST_seed1_prop0.01,linear_AUM_0.01,same_other_sizes_cv,unbalanced,same,11784,2,1,11784
3,2,1,12,2025-08-01T01:11:06.301588Z,2025-08-01T02:07:48.356788Z,161,0.982369517275174,0.81039755351682,0.655702403006336,0.00113005086313933,FashionMNIST_seed1_prop0.01,linear_AUM_0.01,same_other_sizes_cv,unbalanced,same,11784,3,1,11784
3,3,1,1,2025-08-01T01:11:06.301846Z,2025-08-01T06:09:42.221911Z,163,0.969870349198797,0.501371036846615,0.681418419314839,0.000424284196924418,FashionMNIST_seed1_prop0.01,conv_AUM_0.1,same_other_sizes_cv,balanced,other,11784,1,1,11784
3,3,1,3,2025-08-01T01:11:06.302392Z,2025-08-01T05:41:10.696783Z,158,0.980652622937699,0.681405312767781,0.681875991735727,0.000274753547273576,FashionMNIST_seed1_prop0.01,conv_AUM_0.1,same_other_sizes_cv,balanced,other,11784,2,1,11784
3,3,1,5,2025-08-01T01:11:06.304255Z,2025-08-01T04:41:40.935766Z,156,0.964175216026409,0.517495711835335,0.682133531940481,0.000465039862319827,FashionMNIST_seed1_prop0.01,conv_AUM_0.1,same_other_sizes_cv,balanced,other,11784,3,1,11784
3,3,1,8,2025-08-01T01:11:06.305575Z,2025-08-01T05:18:40.328079Z,157,0.982654955726935,0.989821882951654,0.652608705801962,0.000241716508753598,FashionMNIST_seed1_prop0.01,conv_AUM_0.1,same_other_sizes_cv,unbalanced,same,11784,1,1,11784
3,3,1,10,2025-08-01T01:11:06.308279Z,2025-08-01T05:36:06.691692Z,176,0.974090259925735,0.989821882951654,0.657515005113201,0.000299568171612918,FashionMNIST_seed1_prop0.01,conv_AUM_0.1,same_other_sizes_cv,unbalanced,same,11784,2,1,11784
3,3,1,12,2025-08-01T01:11:06.308282Z,2025-08-01T06:18:55.976809Z,179,0.980084538103402,0.00951410125722052,0.756165863335035,0.000177245514350943,FashionMNIST_seed1_prop0.01,conv_AUM_0.1,same_other_sizes_cv,unbalanced,same,11784,3,1,11784
3,4,1,1,2025-08-01T01:11:06.308283Z,2025-08-01T01:59:24.480774Z,178,0.97781220055379,0.916281062553556,0.562849361829581,0.00359969586133957,FashionMNIST_seed1_prop0.01,linear_AUM_0.1,same_other_sizes_cv,balanced,other,11784,1,1,11784
3,4,1,3,2025-08-01T01:11:06.308320Z,2025-08-01T01:57:55.533775Z,174,0.984922824106811,0.94018851756641,0.564901465197602,0.0024633351713419,FashionMNIST_seed1_prop0.01,linear_AUM_0.1,same_other_sizes_cv,balanced,other,11784,2,1,11784
3,4,1,5,2025-08-01T01:11:06.314381Z,2025-08-01T02:01:33.410728Z,162,0.982554392757636,0.935077186963979,0.578902659076442,0.00252370559610426,FashionMNIST_seed1_prop0.01,linear_AUM_0.1,same_other_sizes_cv,balanced,other,11784,3,1,11784
3,4,1,8,2025-08-01T01:11:06.319051Z,2025-08-01T02:00:36.556377Z,160,0.967603541845187,0.976251060220526,0.556102932277169,0.00307661318220198,FashionMNIST_seed1_prop0.01,linear_AUM_0.1,same_other_sizes_cv,unbalanced,same,11784,1,1,11784
3,4,1,10,2025-08-01T01:52:14.967661Z,2025-08-01T02:32:20.423671Z,172,0.988334761496715,0.895674300254453,0.583187447172352,0.00233719614334404,FashionMNIST_seed1_prop0.01,linear_AUM_0.1,same_other_sizes_cv,unbalanced,same,11784,2,1,11784
3,4,1,12,2025-08-01T01:54:59.805966Z,2025-08-01T02:40:15.914963Z,170,0.985564199950992,0.948012232415902,0.545280847628897,0.0019394519040361,FashionMNIST_seed1_prop0.01,linear_AUM_0.1,same_other_sizes_cv,unbalanced,same,11784,3,1,11784
3,5,1,1,2025-08-01T01:57:55.678840Z,2025-08-01T06:08:02.018058Z,174,0.977082199797487,0.5,0.680650373060272,0.000463893258711323,FashionMNIST_seed1_prop0.01,conv_AUM_1,same_other_sizes_cv,balanced,other,11784,1,1,11784
3,5,1,3,2025-08-01T01:59:24.640589Z,2025-08-01T05:50:42.855130Z,178,0.987852578293826,0.537789203084833,0.68048047726405,0.000198139547137544,FashionMNIST_seed1_prop0.01,conv_AUM_1,same_other_sizes_cv,balanced,other,11784,2,1,11784
3,5,1,5,2025-08-01T02:00:36.710732Z,2025-08-01T06:18:34.050671Z,160,0.974741194919518,0.905060034305317,0.652949206007995,0.00130118825472891,FashionMNIST_seed1_prop0.01,conv_AUM_1,same_other_sizes_cv,balanced,other,11784,3,1,11784
3,5,1,8,2025-08-01T02:01:33.479427Z,2025-08-01T06:18:31.612469Z,162,0.966169665809768,0.0101781170483461,0.740813619405434,8.41756191221066e-05,FashionMNIST_seed1_prop0.01,conv_AUM_1,same_other_sizes_cv,unbalanced,same,11784,1,1,11784
3,5,1,10,2025-08-01T02:04:32.352216Z,2025-08-01T05:57:15.791014Z,164,0.982967723507568,0.900254452926209,0.683999596516724,0.000154627457959577,FashionMNIST_seed1_prop0.01,conv_AUM_1,same_other_sizes_cv,unbalanced,same,11784,2,1,11784
3,5,1,12,2025-08-01T02:05:40.296835Z,2025-08-01T06:36:28.400203Z,169,0.852517765253611,0.00951410125722052,0.905364557599869,0.0144669953733683,FashionMNIST_seed1_prop0.01,conv_AUM_1,same_other_sizes_cv,unbalanced,same,11784,3,1,11784
3,6,1,1,2025-08-01T02:07:48.498963Z,2025-08-01T03:04:45.639088Z,161,0.981169698852109,0.919537275064267,0.214524790211511,0.0249898042529821,FashionMNIST_seed1_prop0.01,linear_AUM_1,same_other_sizes_cv,balanced,other,11784,1,1,11784
3,6,1,3,2025-08-01T02:08:23.239307Z,2025-08-01T03:03:37.565383Z,159,0.987455541530918,0.947043701799486,0.181047116360241,0.0167855862528086,FashionMNIST_seed1_prop0.01,linear_AUM_1,same_other_sizes_cv,balanced,other,11784,2,1,11784
3,6,1,5,2025-08-01T02:08:29.486486Z,2025-08-01T03:03:55.809557Z,165,0.986160246433395,0.939708404802744,0.206209296180693,0.015835540369153,FashionMNIST_seed1_prop0.01,linear_AUM_1,same_other_sizes_cv,balanced,other,11784,3,1,11784
3,6,1,8,2025-08-01T02:09:40.765168Z,2025-08-01T03:07:09.969140Z,167,0.970925449871462,0.983206106870229,0.0679703774702219,0.0196357574313879,FashionMNIST_seed1_prop0.01,linear_AUM_1,same_other_sizes_cv,unbalanced,same,11784,1,1,11784
3,6,1,10,2025-08-01T02:15:25.167960Z,2025-08-01T03:07:00.257267Z,31,0.987623536132537,0.963019508057676,0.109306836723044,0.0200401917099953,FashionMNIST_seed1_prop0.01,linear_AUM_1,same_other_sizes_cv,unbalanced,same,11784,2,1,11784
3,6,1,12,2025-08-01T02:22:27.221956Z,2025-08-01T03:28:37.506905Z,19,0.99048946336682,0.961603805640503,0.182585874178672,0.00958850979804993,FashionMNIST_seed1_prop0.01,linear_AUM_1,same_other_sizes_cv,unbalanced,same,11784,3,1,11784
3,7,1,1,2025-08-01T02:24:08.312263Z,2025-08-01T14:13:15.184726Z,23,0.982636338203774,0.692373607540703,0.776646660405775,0.0047922944650054,FashionMNIST_seed1_prop0.01,conv_logistic_0.01,same_other_sizes_cv,balanced,other,11784,1,1,11784
3,7,1,3,2025-08-01T02:25:51.055060Z,2025-08-01T12:50:41.978044Z,51,0.98428043695191,0.687403598971722,0.778699049395759,0.00480681844055653,FashionMNIST_seed1_prop0.01,conv_logistic_0.01,same_other_sizes_cv,balanced,other,11784,2,1,11784
3,7,1,5,2025-08-01T02:29:40.068531Z,2025-08-01T14:17:04.245025Z,42,0.98429465207759,0.697598627787307,0.761453044838452,0.00520235765725374,FashionMNIST_seed1_prop0.01,conv_logistic_0.01,same_other_sizes_cv,balanced,other,11784,3,1,11784
3,7,1,8,2025-08-01T02:29:43.072024Z,2025-08-01T13:20:35.030772Z,57,0.981425307055126,0.992705682782019,0.0248223965913997,0.00431016273796558,FashionMNIST_seed1_prop0.01,conv_logistic_0.01,same_other_sizes_cv,unbalanced,same,11784,1,1,11784
3,7,1,10,2025-08-01T02:32:20.543059Z,2025-08-01T10:34:21.738373Z,172,0.990065695515568,0.992875318066158,0.020191431026163,0.00451140152290463,FashionMNIST_seed1_prop0.01,conv_logistic_0.01,same_other_sizes_cv,unbalanced,same,11784,2,1,11784
3,7,1,12,2025-08-01T02:33:11.180730Z,2025-08-01T10:46:00.348073Z,89,0.990339377603529,0.992184845395855,0.0214479407842145,0.00440480606630445,FashionMNIST_seed1_prop0.01,conv_logistic_0.01,same_other_sizes_cv,unbalanced,same,11784,3,1,11784
3,8,1,1,2025-08-01T02:33:29.330292Z,2025-08-01T03:57:48.020785Z,83,0.958117541150564,0.641645244215938,0.879268832260399,0.0086211571469903,FashionMNIST_seed1_prop0.01,linear_logistic_0.01,same_other_sizes_cv,balanced,other,11784,1,1,11784
3,8,1,3,2025-08-01T02:34:17.281182Z,2025-08-01T03:58:28.393450Z,95,0.964270392080412,0.642587832047986,0.84667534153576,0.0079103596508503,FashionMNIST_seed1_prop0.01,linear_logistic_0.01,same_other_sizes_cv,balanced,other,11784,2,1,11784
3,8,1,5,2025-08-01T02:40:16.015278Z,2025-08-01T03:57:34.956967Z,170,0.965554931168705,0.660720411663808,0.824782943890052,0.0073563908226788,FashionMNIST_seed1_prop0.01,linear_logistic_0.01,same_other_sizes_cv,balanced,other,11784,3,1,11784
3,8,1,8,2025-08-01T02:42:58.320566Z,2025-08-01T04:11:09.862745Z,119,0.944722936303917,0.990161153519932,0.0350304899169182,0.00848097540438175,FashionMNIST_seed1_prop0.01,linear_logistic_0.01,same_other_sizes_cv,unbalanced,same,11784,1,1,11784
3,8,1,10,2025-08-01T02:43:40.298100Z,2025-08-01T04:03:16.686639Z,182,0.980579834333048,0.991518235793045,0.0277864593308789,0.00605406798422337,FashionMNIST_seed1_prop0.01,linear_logistic_0.01,same_other_sizes_cv,unbalanced,same,11784,2,1,11784
3,8,1,12,2025-08-01T02:59:44.693107Z,2025-08-01T04:45:55.360847Z,142,0.973434819897087,0.990316004077472,0.0295027204790461,0.00743589131161571,FashionMNIST_seed1_prop0.01,linear_logistic_0.01,same_other_sizes_cv,unbalanced,same,11784,3,1,11784
3,9,1,1,2025-08-01T03:02:20.438007Z,2025-08-01T10:47:56.436934Z,15,0.988200697707376,0.811739502999143,0.58480966330298,0.00410576909780502,FashionMNIST_seed1_prop0.01,conv_logistic_0.1,same_other_sizes_cv,balanced,other,11784,1,1,11784
3,9,1,3,2025-08-01T03:03:37.714255Z,2025-08-01T10:21:35.872246Z,159,0.990940465779516,0.809511568123393,0.531780080066272,0.00346520938910544,FashionMNIST_seed1_prop0.01,conv_logistic_0.1,same_other_sizes_cv,balanced,other,11784,2,1,11784
3,9,1,5,2025-08-01T03:03:55.895878Z,2025-08-01T10:36:10.491936Z,165,0.991221310486659,0.836106346483705,0.485840524487951,0.00379618396982551,FashionMNIST_seed1_prop0.01,conv_logistic_0.1,same_other_sizes_cv,balanced,other,11784,3,1,11784
3,9,1,8,2025-08-01T03:04:45.717824Z,2025-08-01T12:30:25.590214Z,161,0.989762924878604,0.99626802374894,0.0161772281672496,0.00233070459216833,FashionMNIST_seed1_prop0.01,conv_logistic_0.1,same_other_sizes_cv,unbalanced,same,11784,1,1,11784
3,9,1,10,2025-08-01T03:07:00.413642Z,2025-08-01T11:41:16.839410Z,31,0.996492430734073,0.995589482612383,0.0123017188703565,0.00334516004659236,FashionMNIST_seed1_prop0.01,conv_logistic_0.1,same_other_sizes_cv,unbalanced,same,11784,2,1,11784
3,9,1,12,2025-08-01T03:07:10.113858Z,2025-08-01T11:13:55.256644Z,167,0.994722494486642,0.994903160040775,0.0141129164569831,0.00335225043818355,FashionMNIST_seed1_prop0.01,conv_logistic_0.1,same_other_sizes_cv,unbalanced,same,11784,3,1,11784
3,10,1,1,2025-08-01T03:28:37.700323Z,2025-08-01T05:00:46.276182Z,19,0.980018430283232,0.756041131105399,0.671105192309759,0.00539060588926077,FashionMNIST_seed1_prop0.01,linear_logistic_0.1,same_other_sizes_cv,balanced,other,11784,1,1,11784
3,10,1,3,2025-08-01T03:57:35.136585Z,2025-08-01T05:14:42.731181Z,170,0.987038884960522,0.763667523564696,0.599379462163478,0.00443858839571476,FashionMNIST_seed1_prop0.01,linear_logistic_0.1,same_other_sizes_cv,balanced,other,11784,2,1,11784
3,10,1,5,2025-08-01T03:57:48.143467Z,2025-08-01T05:22:44.071527Z,83,0.986622367890694,0.789451114922813,0.556075325100254,0.00439974013715982,FashionMNIST_seed1_prop0.01,linear_logistic_0.1,same_other_sizes_cv,balanced,other,11784,3,1,11784
3,10,1,8,2025-08-01T03:58:28.553171Z,2025-08-01T05:23:58.370952Z,95,0.98192516423879,0.993214588634436,0.0224615620928292,0.00432479986920953,FashionMNIST_seed1_prop0.01,linear_logistic_0.1,same_other_sizes_cv,unbalanced,same,11784,1,1,11784
3,10,1,10,2025-08-01T04:03:16.807669Z,2025-08-01T05:21:29.485077Z,182,0.989868608968868,0.993893129770992,0.0179600137565606,0.00412478530779481,FashionMNIST_seed1_prop0.01,linear_logistic_0.1,same_other_sizes_cv,unbalanced,same,11784,2,1,11784
3,10,1,12,2025-08-01T04:11:09.959403Z,2025-08-01T05:22:50.188560Z,119,0.989601200686106,0.993374108053007,0.0194231157354701,0.0048526176251471,FashionMNIST_seed1_prop0.01,linear_logistic_0.1,same_other_sizes_cv,unbalanced,same,11784,3,1,11784
3,11,1,1,2025-08-01T04:21:08.188130Z,2025-08-01T07:22:12.245985Z,112,0.988029567754788,0.855784061696658,0.490216800009795,0.00462761428207159,FashionMNIST_seed1_prop0.01,conv_logistic_1,same_other_sizes_cv,balanced,other,11784,1,1,11784
3,11,1,3,2025-08-01T04:41:41.029112Z,2025-08-01T08:22:58.375033Z,156,0.989491125928765,0.819537275064267,0.525021818595254,0.00372298643924296,FashionMNIST_seed1_prop0.01,conv_logistic_1,same_other_sizes_cv,balanced,other,11784,2,1,11784
3,11,1,5,2025-08-01T04:45:55.525576Z,2025-08-01T11:10:43.495061Z,142,0.990915916666912,0.870240137221269,0.415515262190785,0.00398448389023542,FashionMNIST_seed1_prop0.01,conv_logistic_1,same_other_sizes_cv,balanced,other,11784,3,1,11784
3,11,1,8,2025-08-01T05:00:47.382937Z,2025-08-01T11:12:47.523192Z,19,0.99348471865181,0.996098388464801,0.0142039765284825,0.00317576248198748,FashionMNIST_seed1_prop0.01,conv_logistic_1,same_other_sizes_cv,unbalanced,same,11784,1,1,11784
3,11,1,10,2025-08-01T05:14:42.883824Z,2025-08-01T09:25:01.354459Z,170,0.995392744930018,0.99440203562341,0.0150498609056306,0.00410429481416941,FashionMNIST_seed1_prop0.01,conv_logistic_1,same_other_sizes_cv,unbalanced,same,11784,2,1,11784
3,11,1,12,2025-08-01T05:18:40.416098Z,2025-08-01T09:09:53.485917Z,157,0.996198848321488,0.995752633367312,0.0123417308649564,0.00204290985129774,FashionMNIST_seed1_prop0.01,conv_logistic_1,same_other_sizes_cv,unbalanced,same,11784,3,1,11784
3,12,1,1,2025-08-01T05:21:29.622030Z,2025-08-01T06:09:58.257450Z,182,0.982133903717557,0.782347900599829,0.670555254888016,0.00419571623206139,FashionMNIST_seed1_prop0.01,linear_logistic_1,same_other_sizes_cv,balanced,other,11784,1,1,11784
3,12,1,3,2025-08-01T05:22:44.192706Z,2025-08-01T06:14:02.694472Z,83,0.987736592336086,0.774035989717224,0.612181423209197,0.00404513021931052,FashionMNIST_seed1_prop0.01,linear_logistic_1,same_other_sizes_cv,balanced,other,11784,2,1,11784
3,12,1,5,2025-08-01T05:22:50.309428Z,2025-08-01T06:10:32.060021Z,119,0.984180791376008,0.769811320754717,0.582193870422791,0.00506245996803045,FashionMNIST_seed1_prop0.01,linear_logistic_1,same_other_sizes_cv,balanced,other,11784,3,1,11784
3,12,1,8,2025-08-01T05:23:58.534181Z,2025-08-01T06:08:57.764475Z,95,0.975419880034277,0.992196776929601,0.0254542961865254,0.00539546273648739,FashionMNIST_seed1_prop0.01,linear_logistic_1,same_other_sizes_cv,unbalanced,same,11784,1,1,11784
3,12,1,10,2025-08-01T05:29:17.602215Z,2025-08-01T06:11:55.010964Z,94,0.989880034275924,0.993893129770992,0.0181861674037381,0.00429315958172083,FashionMNIST_seed1_prop0.01,linear_logistic_1,same_other_sizes_cv,unbalanced,same,11784,2,1,11784
3,12,1,12,2025-08-01T05:30:58.256665Z,2025-08-01T06:14:20.499946Z,96,0.991285836804707,0.99388379204893,0.0181258045398576,0.00430104276165366,FashionMNIST_seed1_prop0.01,linear_logistic_1,same_other_sizes_cv,unbalanced,same,11784,3,1,11784
4,1,1,1,2025-08-01T05:33:56.689238Z,2025-08-01T09:22:53.116687Z,110,0.972852369025669,0.5,0.68594744964387,0.000293330173008144,FashionMNIST_seed2_prop0.01,conv_AUM_0.01,same_other_sizes_cv,balanced,other,11784,1,1,11784
4,1,1,3,2025-08-01T05:36:06.863828Z,2025-08-01T10:05:31.843737Z,176,0.971607700774439,0.811482433590403,0.679924699166953,0.000429219857323915,FashionMNIST_seed2_prop0.01,conv_AUM_0.01,same_other_sizes_cv,balanced,other,11784,2,1,11784
4,1,1,5,2025-08-01T05:41:10.799573Z,2025-08-01T10:36:14.441525Z,158,0.970779666302822,0.5,0.683187167352055,0.000398385513108224,FashionMNIST_seed2_prop0.01,conv_AUM_0.01,same_other_sizes_cv,balanced,other,11784,3,1,11784
4,1,1,8,2025-08-01T05:41:33.313795Z,2025-08-01T12:53:15.638890Z,91,0.976321051128252,0.992196776929601,0.667266880795125,0.000321311061270535,FashionMNIST_seed2_prop0.01,conv_AUM_0.01,same_other_sizes_cv,unbalanced,same,11784,1,1,11784
4,1,1,10,2025-08-01T05:50:42.966286Z,2025-08-01T11:36:42.839489Z,178,0.97772636389603,0.989821882951654,0.669123197009852,0.000302525295410305,FashionMNIST_seed2_prop0.01,conv_AUM_0.01,same_other_sizes_cv,unbalanced,same,11784,2,1,11784
4,1,1,12,2025-08-01T05:55:01.474216Z,2025-08-01T14:56:31.039203Z,29,0.979447439353099,0.99048589874278,0.622332147786147,0.000206787924980745,FashionMNIST_seed2_prop0.01,conv_AUM_0.01,same_other_sizes_cv,unbalanced,same,11784,3,1,11784
4,2,1,1,2025-08-01T05:56:22.249454Z,2025-08-01T06:45:27.347340Z,27,0.971670598705181,0.901028277634961,0.611788291243415,0.00275249220430851,FashionMNIST_seed2_prop0.01,linear_AUM_0.01,same_other_sizes_cv,balanced,other,11784,1,1,11784
4,2,1,3,2025-08-01T05:57:15.894886Z,2025-08-01T06:42:43.255374Z,164,0.963039263846026,0.889031705227078,0.625391738038236,0.002918436890468,FashionMNIST_seed2_prop0.01,linear_AUM_0.01,same_other_sizes_cv,balanced,other,11784,2,1,11784
4,2,1,5,2025-08-01T06:06:05.242853Z,2025-08-01T06:53:11.343829Z,102,0.965964932669195,0.904459691252144,0.623963534973021,0.00271064508706331,FashionMNIST_seed2_prop0.01,linear_AUM_0.01,same_other_sizes_cv,balanced,other,11784,3,1,11784
4,2,1,8,2025-08-01T06:08:02.145644Z,2025-08-01T06:54:51.249562Z,174,0.956352470722648,0.916709075487701,0.608348070874765,0.00354497437365353,FashionMNIST_seed2_prop0.01,linear_AUM_0.01,same_other_sizes_cv,unbalanced,same,11784,1,1,11784
4,2,1,10,2025-08-01T06:08:39.605193Z,2025-08-01T07:16:12.225374Z,187,0.980079977149383,0.960644614079728,0.59289911029393,0.00142804835923016,FashionMNIST_seed2_prop0.01,linear_AUM_0.01,same_other_sizes_cv,unbalanced,same,11784,2,1,11784
4,2,1,12,2025-08-01T06:08:57.881285Z,2025-08-01T06:53:26.790183Z,95,0.956490443518744,0.962962962962963,0.584411081259291,0.00317393476143479,FashionMNIST_seed2_prop0.01,linear_AUM_0.01,same_other_sizes_cv,unbalanced,same,11784,3,1,11784
4,3,1,1,2025-08-01T06:09:42.329607Z,2025-08-01T11:23:14.769874Z,163,0.974274570100794,0.553984575835476,0.680711457169786,0.000405305501772091,FashionMNIST_seed2_prop0.01,conv_AUM_0.1,same_other_sizes_cv,balanced,other,11784,1,1,11784
4,3,1,3,2025-08-01T06:09:58.353044Z,2025-08-01T12:02:00.091313Z,182,0.978403379423727,0.5,0.682521448171235,0.000304606859572232,FashionMNIST_seed2_prop0.01,conv_AUM_0.1,same_other_sizes_cv,balanced,other,11784,2,1,11784
4,3,1,5,2025-08-01T06:10:32.225328Z,2025-08-01T12:27:00.596755Z,119,0.963025384757965,0.5,0.683392756680995,0.000452981650596485,FashionMNIST_seed2_prop0.01,conv_AUM_0.1,same_other_sizes_cv,balanced,other,11784,3,1,11784
4,3,1,8,2025-08-01T06:11:22.231889Z,2025-08-01T11:20:44.691048Z,185,0.967060839760067,0.0103477523324852,0.729242046417938,0.000447829836048186,FashionMNIST_seed2_prop0.01,conv_AUM_0.1,same_other_sizes_cv,unbalanced,same,11784,1,1,11784
4,3,1,10,2025-08-01T06:11:55.121026Z,2025-08-01T10:20:19.965758Z,94,0.973744644387314,0.989821882951654,0.643244497545204,0.000498447509016842,FashionMNIST_seed2_prop0.01,conv_AUM_0.1,same_other_sizes_cv,unbalanced,same,11784,2,1,11784
4,3,1,12,2025-08-01T06:12:58.011303Z,2025-08-01T12:06:56.683170Z,189,0.96607755452095,0.0103635745837581,0.719828803652268,0.000258358253631741,FashionMNIST_seed2_prop0.01,conv_AUM_0.1,same_other_sizes_cv,unbalanced,same,11784,3,1,11784
4,4,1,1,2025-08-01T06:13:24.718887Z,2025-08-01T06:55:35.969293Z,168,0.978062294357323,0.927077977720651,0.538642702085561,0.00451319618150592,FashionMNIST_seed2_prop0.01,linear_AUM_0.1,same_other_sizes_cv,balanced,other,11784,1,1,11784
4,4,1,3,2025-08-01T06:14:03.231046Z,2025-08-01T06:57:13.813505Z,83,0.983946195321352,0.940274207369323,0.559503878283366,0.00283116288483143,FashionMNIST_seed2_prop0.01,linear_AUM_0.1,same_other_sizes_cv,balanced,other,11784,2,1,11784
4,4,1,5,2025-08-01T06:14:20.574356Z,2025-08-01T06:55:46.061449Z,96,0.974068740088676,0.859090909090909,0.559747161988596,0.00448545115068555,FashionMNIST_seed2_prop0.01,linear_AUM_0.1,same_other_sizes_cv,balanced,other,11784,3,1,11784
4,4,1,8,2025-08-01T06:18:31.770736Z,2025-08-01T07:06:55.933931Z,162,0.988191945158527,0.949618320610687,0.502699623874367,0.00245629390701652,FashionMNIST_seed2_prop0.01,linear_AUM_0.1,same_other_sizes_cv,unbalanced,same,11784,1,1,11784
4,4,1,10,2025-08-01T06:18:34.125440Z,2025-08-01T07:06:06.784678Z,160,0.985938303341906,0.936726039016115,0.540908603488228,0.00236642826348543,FashionMNIST_seed2_prop0.01,linear_AUM_0.1,same_other_sizes_cv,unbalanced,same,11784,2,1,11784
4,4,1,12,2025-08-01T06:18:56.140662Z,2025-08-01T07:03:35.201512Z,179,0.983515069835822,0.972646958885491,0.477668434564776,0.00218060542829335,FashionMNIST_seed2_prop0.01,linear_AUM_0.1,same_other_sizes_cv,unbalanced,same,11784,3,1,11784
4,5,1,1,2025-08-01T06:26:31.991369Z,2025-08-01T11:27:10.378552Z,181,0.975176156059708,0.922365038560411,0.669273840358296,0.000785667973104864,FashionMNIST_seed2_prop0.01,conv_AUM_1,same_other_sizes_cv,balanced,other,11784,1,1,11784
4,5,1,3,2025-08-01T06:28:26.399521Z,2025-08-01T11:24:58.361858Z,33,0.971628010799705,0.618937446443873,0.666258580188205,0.00108187051955611,FashionMNIST_seed2_prop0.01,conv_AUM_1,same_other_sizes_cv,balanced,other,11784,2,1,11784
4,5,1,5,2025-08-01T06:34:25.437585Z,2025-08-01T11:34:06.697705Z,14,0.984576832436472,0.501200686106347,0.686545637797796,0.000124815269373357,FashionMNIST_seed2_prop0.01,conv_AUM_1,same_other_sizes_cv,balanced,other,11784,3,1,11784
4,5,1,8,2025-08-01T06:36:28.523981Z,2025-08-01T11:33:02.584050Z,169,0.980492716366749,0.0101781170483461,0.738293713263285,0.000103782847872935,FashionMNIST_seed2_prop0.01,conv_AUM_1,same_other_sizes_cv,unbalanced,same,11784,1,1,11784
4,5,1,10,2025-08-01T06:42:43.381438Z,2025-08-01T10:14:18.325442Z,164,0.988514710082836,0.991009329940628,0.677695623783549,0.000138059287564829,FashionMNIST_seed2_prop0.01,conv_AUM_1,same_other_sizes_cv,unbalanced,same,11784,2,1,11784
4,5,1,12,2025-08-01T06:45:27.436946Z,2025-08-01T10:48:47.442292Z,27,0.986372825287918,0.99048589874278,0.653519286840027,0.000145171390613541,FashionMNIST_seed2_prop0.01,conv_AUM_1,same_other_sizes_cv,unbalanced,same,11784,3,1,11784
4,6,1,1,2025-08-01T06:53:11.452553Z,2025-08-01T07:36:51.207608Z,102,0.965574683399308,0.751242502142245,0.485101722893153,0.0184511765837669,FashionMNIST_seed2_prop0.01,linear_AUM_1,same_other_sizes_cv,balanced,other,11784,1,1,11784
4,6,1,3,2025-08-01T06:53:26.880720Z,2025-08-01T07:37:06.498679Z,95,0.98028743899099,0.874978577549272,0.2997675969154,0.0184377320110798,FashionMNIST_seed2_prop0.01,linear_AUM_1,same_other_sizes_cv,balanced,other,11784,2,1,11784
4,6,1,5,2025-08-01T06:54:51.374459Z,2025-08-01T07:41:55.579633Z,174,0.973108514838668,0.86843910806175,0.327777347259022,0.0244100466370583,FashionMNIST_seed2_prop0.01,linear_AUM_1,same_other_sizes_cv,balanced,other,11784,3,1,11784
4,6,1,8,2025-08-01T06:55:36.031111Z,2025-08-01T07:39:31.584981Z,168,0.981171093973148,0.982697201017812,0.101765890351267,0.0143772875890136,FashionMNIST_seed2_prop0.01,linear_AUM_1,same_other_sizes_cv,unbalanced,same,11784,1,1,11784
4,6,1,10,2025-08-01T06:55:46.170503Z,2025-08-01T07:37:51.862241Z,96,0.988349043130537,0.976759966072943,0.068651863273276,0.0164091400802135,FashionMNIST_seed2_prop0.01,linear_AUM_1,same_other_sizes_cv,unbalanced,same,11784,2,1,11784
4,6,1,12,2025-08-01T06:57:13.923844Z,2025-08-01T07:40:50.892016Z,83,0.984654496446946,0.962962962962963,0.125606136644959,0.0278207212686539,FashionMNIST_seed2_prop0.01,linear_AUM_1,same_other_sizes_cv,unbalanced,same,11784,3,1,11784
4,7,1,1,2025-08-01T06:58:41.443516Z,2025-08-01T16:44:39.223027Z,25,0.979956692505777,0.693230505569837,0.773972300383422,0.00555986864492297,FashionMNIST_seed2_prop0.01,conv_logistic_0.01,same_other_sizes_cv,balanced,other,11784,1,1,11784
4,7,1,3,2025-08-01T06:59:30.344973Z,2025-08-01T13:13:53.305942Z,5,0.98281359200346,0.691259640102828,0.744450446844242,0.00575148593634367,FashionMNIST_seed2_prop0.01,conv_logistic_0.01,same_other_sizes_cv,balanced,other,11784,2,1,11784
4,7,1,5,2025-08-01T07:03:16.332096Z,2025-08-01T16:07:56.988834Z,22,0.984816204702123,0.690823327615781,0.730339711479147,0.00473561370745301,FashionMNIST_seed2_prop0.01,conv_logistic_0.01,same_other_sizes_cv,balanced,other,11784,3,1,11784
4,7,1,8,2025-08-01T07:03:35.311111Z,2025-08-01T14:43:46.045966Z,179,0.969157383604685,0.992196776929601,0.0260844272996953,0.00486239604651928,FashionMNIST_seed2_prop0.01,conv_logistic_0.01,same_other_sizes_cv,unbalanced,same,11784,1,1,11784
4,7,1,10,2025-08-01T07:06:06.853644Z,2025-08-01T15:50:11.566992Z,160,0.986960868323339,0.991857506361323,0.0226322703081464,0.00470562279224396,FashionMNIST_seed2_prop0.01,conv_logistic_0.01,same_other_sizes_cv,unbalanced,same,11784,2,1,11784
4,7,1,12,2025-08-01T07:06:56.042531Z,2025-08-01T15:46:34.640368Z,162,0.988752756677286,0.990995582738702,0.0226595451945809,0.00427371636033058,FashionMNIST_seed2_prop0.01,conv_logistic_0.01,same_other_sizes_cv,unbalanced,same,11784,3,1,11784
4,8,1,1,2025-08-01T07:08:33.207144Z,2025-08-01T08:23:40.365925Z,103,0.956702036656438,0.646186803770351,0.894609115307014,0.0087021728977561,FashionMNIST_seed2_prop0.01,linear_logistic_0.01,same_other_sizes_cv,balanced,other,11784,1,1,11784
4,8,1,3,2025-08-01T07:12:07.586742Z,2025-08-01T08:18:36.928638Z,82,0.95904979040142,0.646272493573265,0.876267311652835,0.00869130063802004,FashionMNIST_seed2_prop0.01,linear_logistic_0.01,same_other_sizes_cv,balanced,other,11784,2,1,11784
4,8,1,5,2025-08-01T07:12:15.846582Z,2025-08-01T08:33:14.292538Z,12,0.959798390062638,0.648970840480274,0.860164137158692,0.0081830034032464,FashionMNIST_seed2_prop0.01,linear_logistic_0.01,same_other_sizes_cv,balanced,other,11784,3,1,11784
4,8,1,8,2025-08-01T07:15:53.157693Z,2025-08-01T08:12:03.365093Z,196,0.967972007997719,0.990670059372349,0.0310692547400964,0.00749778188765049,FashionMNIST_seed2_prop0.01,linear_logistic_0.01,same_other_sizes_cv,unbalanced,same,11784,1,1,11784
4,8,1,10,2025-08-01T07:16:12.346706Z,2025-08-01T08:51:19.330223Z,187,0.975035704084545,0.989652247667515,0.0313154834515722,0.00757264671847224,FashionMNIST_seed2_prop0.01,linear_logistic_0.01,same_other_sizes_cv,unbalanced,same,11784,2,1,11784
4,8,1,12,2025-08-01T07:18:32.301098Z,2025-08-01T08:11:44.744292Z,173,0.970463734378825,0.991165477404009,0.028529506042476,0.00721737928688526,FashionMNIST_seed2_prop0.01,linear_logistic_0.01,same_other_sizes_cv,unbalanced,same,11784,3,1,11784
4,9,1,1,2025-08-01T07:21:26.187528Z,2025-08-01T17:06:15.505418Z,46,0.987500405686513,0.858354755784062,0.525353748510943,0.00385123281739652,FashionMNIST_seed2_prop0.01,conv_logistic_0.1,same_other_sizes_cv,balanced,other,11784,1,1,11784
4,9,1,3,2025-08-01T07:22:12.346015Z,2025-08-01T13:23:12.477281Z,112,0.990516275555497,0.86872322193659,0.450007357613635,0.00367260864004493,FashionMNIST_seed2_prop0.01,conv_logistic_0.1,same_other_sizes_cv,balanced,other,11784,2,1,11784
4,9,1,5,2025-08-01T07:27:13.311981Z,2025-08-01T13:54:50.185581Z,35,0.985879625407118,0.727873070325901,0.679454745185774,0.00457222247496247,FashionMNIST_seed2_prop0.01,conv_logistic_0.1,same_other_sizes_cv,balanced,other,11784,3,1,11784
4,9,1,8,2025-08-01T07:27:17.600200Z,2025-08-01T13:00:43.999727Z,101,0.985846900885463,0.994741306191688,0.018643378896737,0.00331261614337564,FashionMNIST_seed2_prop0.01,conv_logistic_0.1,same_other_sizes_cv,unbalanced,same,11784,1,1,11784
4,9,1,10,2025-08-01T07:33:25.418302Z,2025-08-01T16:34:25.210932Z,148,0.993427592116541,0.99626802374894,0.0133900193466562,0.00330726196989417,FashionMNIST_seed2_prop0.01,conv_logistic_0.1,same_other_sizes_cv,unbalanced,same,11784,2,1,11784
4,9,1,12,2025-08-01T07:36:51.396894Z,2025-08-01T12:15:14.540950Z,102,0.992367066895367,0.99388379204893,0.0182690263483316,0.00351733574643731,FashionMNIST_seed2_prop0.01,conv_logistic_0.1,same_other_sizes_cv,unbalanced,same,11784,3,1,11784
4,10,1,1,2025-08-01T07:37:06.660876Z,2025-08-01T08:36:44.518434Z,95,0.97892779808046,0.755441302485004,0.659813862259541,0.00582336774095893,FashionMNIST_seed2_prop0.01,linear_logistic_0.1,same_other_sizes_cv,balanced,other,11784,1,1,11784
4,10,1,3,2025-08-01T07:37:50.975114Z,2025-08-01T08:43:31.509131Z,47,0.983919497110264,0.765467009425878,0.60848721756218,0.00533233629539609,FashionMNIST_seed2_prop0.01,linear_logistic_0.1,same_other_sizes_cv,balanced,other,11784,2,1,11784
4,10,1,5,2025-08-01T07:37:52.055774Z,2025-08-01T08:40:05.175856Z,96,0.982392016217059,0.769897084048028,0.619756080498006,0.00507960468530655,FashionMNIST_seed2_prop0.01,linear_logistic_0.1,same_other_sizes_cv,balanced,other,11784,3,1,11784
4,10,1,8,2025-08-01T07:39:31.691511Z,2025-08-01T08:44:35.254936Z,168,0.985772636389606,0.993044953350297,0.0216031869332205,0.00471512228250504,FashionMNIST_seed2_prop0.01,linear_logistic_0.1,same_other_sizes_cv,unbalanced,same,11784,1,1,11784
4,10,1,10,2025-08-01T07:40:50.956442Z,2025-08-01T08:57:44.096173Z,83,0.99182233647529,0.99253604749788,0.0202538875886708,0.00488357339054346,FashionMNIST_seed2_prop0.01,linear_logistic_0.1,same_other_sizes_cv,unbalanced,same,11784,2,1,11784
4,10,1,12,2025-08-01T07:41:55.678584Z,2025-08-01T09:00:17.182404Z,174,0.98802683165891,0.994053686714237,0.0190483247970791,0.00442001968622208,FashionMNIST_seed2_prop0.01,linear_logistic_0.1,same_other_sizes_cv,unbalanced,same,11784,3,1,11784
4,11,1,1,2025-08-01T07:42:46.094138Z,2025-08-01T11:00:58.180568Z,177,0.98597217541224,0.855441302485004,0.680357799083458,0.00272652157582343,FashionMNIST_seed2_prop0.01,conv_logistic_1,same_other_sizes_cv,balanced,other,11784,1,1,11784
4,11,1,3,2025-08-01T07:43:38.336519Z,2025-08-01T13:28:19.488769Z,45,0.990493762707533,0.841131105398458,0.533383649096565,0.0027535876724869,FashionMNIST_seed2_prop0.01,conv_logistic_1,same_other_sizes_cv,balanced,other,11784,2,1,11784
4,11,1,5,2025-08-01T07:45:02.098326Z,2025-08-01T13:46:42.647517Z,9,0.990851145521038,0.87590051457976,0.397259616838301,0.00461217295378447,FashionMNIST_seed2_prop0.01,conv_logistic_1,same_other_sizes_cv,balanced,other,11784,3,1,11784
4,11,1,8,2025-08-01T07:45:19.607299Z,2025-08-01T14:14:56.720435Z,139,0.987432162239361,0.994910941475827,0.0185853872373992,0.00228677014820278,FashionMNIST_seed2_prop0.01,conv_logistic_1,same_other_sizes_cv,unbalanced,same,11784,1,1,11784
4,11,1,10,2025-08-01T07:48:24.979276Z,2025-08-01T14:10:54.690891Z,145,0.99323907455013,0.995250212044105,0.0154449820869114,0.00485570216551423,FashionMNIST_seed2_prop0.01,conv_logistic_1,same_other_sizes_cv,unbalanced,same,11784,2,1,11784
4,11,1,12,2025-08-01T07:50:55.973877Z,2025-08-01T13:31:45.027347Z,118,0.997626194560155,0.995582738702005,0.0128135448921693,0.00160565425176173,FashionMNIST_seed2_prop0.01,conv_logistic_1,same_other_sizes_cv,unbalanced,same,11784,3,1,11784
4,12,1,1,2025-08-01T07:51:45.603224Z,2025-08-01T08:45:45.286284Z,130,0.978861625286642,0.763838903170523,0.655595373919017,0.00584812322631478,FashionMNIST_seed2_prop0.01,linear_logistic_1,same_other_sizes_cv,balanced,other,11784,1,1,11784
4,12,1,3,2025-08-01T07:52:25.986001Z,2025-08-01T08:36:06.457302Z,43,0.984944000575671,0.7764353041988,0.596367500268029,0.00503444857895374,FashionMNIST_seed2_prop0.01,linear_logistic_1,same_other_sizes_cv,balanced,other,11784,2,1,11784
4,12,1,5,2025-08-01T07:59:57.363358Z,2025-08-01T08:47:33.844675Z,183,0.981596741877495,0.76843910806175,0.628627277605109,0.00519567262381315,FashionMNIST_seed2_prop0.01,linear_logistic_1,same_other_sizes_cv,balanced,other,11784,3,1,11784
4,12,1,8,2025-08-01T08:00:51.101127Z,2025-08-01T08:42:11.656515Z,8,0.983956012567834,0.992027141645462,0.0233008138656046,0.00523106474429369,FashionMNIST_seed2_prop0.01,linear_logistic_1,same_other_sizes_cv,unbalanced,same,11784,1,1,11784
4,12,1,10,2025-08-01T08:00:59.216400Z,2025-08-01T08:47:49.874790Z,133,0.991525278491857,0.99253604749788,0.0207488306180678,0.00507267052307725,FashionMNIST_seed2_prop0.01,linear_logistic_1,same_other_sizes_cv,unbalanced,same,11784,2,1,11784
4,12,1,12,2025-08-01T08:01:29.220702Z,2025-08-01T08:44:27.736651Z,166,0.986449399656944,0.99388379204893,0.0199299772219189,0.00474487151950598,FashionMNIST_seed2_prop0.01,linear_logistic_1,same_other_sizes_cv,unbalanced,same,11784,3,1,11784
